[
  {
    "index": "berserker",
    "class": "barbarian",
    "name": "Берсеркер",
    "subclass_flavor": "Первісний Шлях",
    "desc": [
      "Для деяких варварів лють є засобом досягнення мети, а цією метою є насильство. Шлях Берсеркера — це шлях неприборканої люті, слизької від крові. Коли ви вступаєте в лють Берсеркера, ви тремтите в хаосі битви, не зважаючи на власне здоров'я чи благополуччя."
    ]
  },
  {
    "index": "lore",
    "class": "bard",
    "name": "Лор",
    "subclass_flavor": "Бард-коледж",
    "desc": [
      "Барди Коледжу Знань знають дещо про більшість речей, збираючи фрагменти знань з таких різноманітних джерел, як наукові томи та селянські казки. Чи то співають народні балади в тавернах, чи то складні композиції при королівських дворах, ці барди використовують свої здібності, щоб зачарувати публіку. Коли оплески стихають, глядачі можуть поставити під сумнів усе, що вони вважали істинним, від своєї віри в священство місцевого храму до своєї відданості королю. Відданість цих бардів полягає в прагненні до краси та істини, а не у вірності монарху чи дотриманні принципів божества. Шляхтич, який має такого барда як герольда чи радника, знає, що бард воліє бути чесним, а не політиканом. Члени колегії збираються в бібліотеках, а іноді й у справжніх коледжах, з аудиторіями та гуртожитками, щоб поділитися своїми знаннями один з одним. Вони також зустрічаються на фестивалях або державних справах, де можуть викривати корупцію, розплутувати брехню та глузувати з самовпевнених представників влади."
    ]
  },
  {
    "index": "life",
    "class": "cleric",
    "name": "Життя",
    "subclass_flavor": "Божественний Домен",
    "desc": [
      "Домен Життя зосереджений на яскравій позитивній енергії – одній з фундаментальних сил Всесвіту – яка підтримує все живе. Боги життя сприяють життєвій силі та здоров'ю, зцілюючи хворих та поранених, піклуючись про нужденних та відганяючи сили смерті та нежиті. Майже будь-яке незле божество може претендувати на вплив над цим доменним простором, зокрема сільськогосподарські божества, боги сонця, боги зцілення чи витривалості, а також боги дому та громади."
    ],
    "spells": [
      {
        "prerequisites": [
          {
            "index": "cleric-1",
            "type": "level",
            "name": "Cleric 1"
          }
        ],
        "spell": "bless"
      },
      {
        "prerequisites": [
          {
            "index": "cleric-1",
            "type": "level",
            "name": "Cleric 1"
          }
        ],
        "spell": "cure-wounds"
      },
      {
        "prerequisites": [
          {
            "index": "cleric-3",
            "type": "level",
            "name": "Cleric 3"
          }
        ],
        "spell": "lesser-restoration"
      },
      {
        "prerequisites": [
          {
            "index": "cleric-3",
            "type": "level",
            "name": "Cleric 3"
          }
        ],
        "spell": "spiritual-weapon"
      },
      {
        "prerequisites": [
          {
            "index": "cleric-5",
            "type": "level",
            "name": "Cleric 5"
          }
        ],
        "spell": "beacon-of-hope"
      },
      {
        "prerequisites": [
          {
            "index": "cleric-5",
            "type": "level",
            "name": "Cleric 5"
          }
        ],
        "spell": "revivify"
      },
      {
        "prerequisites": [
          {
            "index": "cleric-7",
            "type": "level",
            "name": "Cleric 7"
          }
        ],
        "spell": "death-ward"
      },
      {
        "prerequisites": [
          {
            "index": "cleric-9",
            "type": "level",
            "name": "Cleric 9"
          }
        ],
        "spell": "mass-cure-wounds"
      },
      {
        "prerequisites": [
          {
            "index": "cleric-9",
            "type": "level",
            "name": "Cleric 9"
          }
        ],
        "spell": "raise-dead"
      }
    ]
  },
  {
    "index": "land",
    "class": "druid",
    "name": "Земля",
    "subclass_flavor": "Коло Друїдів",
    "desc": [
      "Коло Землі складається з містиків та мудреців, які зберігають давні знання та обряди через велику усну традицію. Ці друїди зустрічаються у священних колах дерев або каменів, щоб шепотіти первісні таємниці друїдською мовою. Наймудріші члени кола головують як головні жерці громад, що дотримуються Старої Віри, і служать радниками правителів цих народів. Як член цього кола, ваша магія залежить від землі, де ви були посвячені в таємничі обряди кола."
    ],
    "spells": [
      {
        "prerequisites": [
          {
            "index": "druid-3",
            "type": "level",
            "name": "Druid 3"
          },
          {
            "index": "circle-of-the-land-arctic",
            "type": "feature",
            "name": "Circle of the Land: Arctic"
          }
        ],
        "spell": "hold-person"
      },
      {
        "prerequisites": [
          {
            "index": "druid-3",
            "type": "level",
            "name": "Druid 3"
          },
          {
            "index": "circle-of-the-land-arctic",
            "type": "feature",
            "name": "Circle of the Land: Arctic"
          }
        ],
        "spell": "spike-growth"
      },
      {
        "prerequisites": [
          {
            "index": "druid-5",
            "type": "level",
            "name": "Druid 5"
          },
          {
            "index": "circle-of-the-land-arctic",
            "type": "feature",
            "name": "Circle of the Land: Arctic"
          }
        ],
        "spell": "sleet-storm"
      },
      {
        "prerequisites": [
          {
            "index": "druid-5",
            "type": "level",
            "name": "Druid 5"
          },
          {
            "index": "circle-of-the-land-arctic",
            "type": "feature",
            "name": "Circle of the Land: Arctic"
          }
        ],
        "spell": "slow"
      },
      {
        "prerequisites": [
          {
            "index": "druid-7",
            "type": "level",
            "name": "Druid 7"
          },
          {
            "index": "circle-of-the-land-arctic",
            "type": "feature",
            "name": "Circle of the Land: Arctic"
          }
        ],
        "spell": "freedom-of-movement"
      },
      {
        "prerequisites": [
          {
            "index": "druid-7",
            "type": "level",
            "name": "Druid 7"
          },
          {
            "index": "circle-of-the-land-arctic",
            "type": "feature",
            "name": "Circle of the Land: Arctic"
          }
        ],
        "spell": "ice-storm"
      },
      {
        "prerequisites": [
          {
            "index": "druid-9",
            "type": "level",
            "name": "Druid 9"
          },
          {
            "index": "circle-of-the-land-arctic",
            "type": "feature",
            "name": "Circle of the Land: Arctic"
          }
        ],
        "spell": "commune-with-nature"
      },
      {
        "prerequisites": [
          {
            "index": "druid-9",
            "type": "level",
            "name": "Druid 9"
          },
          {
            "index": "circle-of-the-land-arctic",
            "type": "feature",
            "name": "Circle of the Land: Arctic"
          }
        ],
        "spell": "cone-of-cold"
      },
      {
        "prerequisites": [
          {
            "index": "druid-3",
            "type": "level",
            "name": "Druid 3"
          },
          {
            "index": "circle-of-the-land-coast",
            "type": "feature",
            "name": "Circle of the Land: Coast"
          }
        ],
        "spell": "mirror-image"
      },
      {
        "prerequisites": [
          {
            "index": "druid-3",
            "type": "level",
            "name": "Druid 3"
          },
          {
            "index": "circle-of-the-land-coast",
            "type": "feature",
            "name": "Circle of the Land: Coast"
          }
        ],
        "spell": "misty-step"
      },
      {
        "prerequisites": [
          {
            "index": "druid-5",
            "type": "level",
            "name": "Druid 5"
          },
          {
            "index": "circle-of-the-land-coast",
            "type": "feature",
            "name": "Circle of the Land: Coast"
          }
        ],
        "spell": "water-breathing"
      },
      {
        "prerequisites": [
          {
            "index": "druid-5",
            "type": "level",
            "name": "Druid 5"
          },
          {
            "index": "circle-of-the-land-coast",
            "type": "feature",
            "name": "Circle of the Land: Coast"
          }
        ],
        "spell": "water-walk"
      },
      {
        "prerequisites": [
          {
            "index": "druid-7",
            "type": "level",
            "name": "Druid 7"
          },
          {
            "index": "circle-of-the-land-coast",
            "type": "feature",
            "name": "Circle of the Land: Coast"
          }
        ],
        "spell": "control-water"
      },
      {
        "prerequisites": [
          {
            "index": "druid-7",
            "type": "level",
            "name": "Druid 7"
          },
          {
            "index": "circle-of-the-land-coast",
            "type": "feature",
            "name": "Circle of the Land: Coast"
          }
        ],
        "spell": "freedom-of-movement"
      },
      {
        "prerequisites": [
          {
            "index": "druid-9",
            "type": "level",
            "name": "Druid 9"
          },
          {
            "index": "circle-of-the-land-coast",
            "type": "feature",
            "name": "Circle of the Land: Coast"
          }
        ],
        "spell": "conjure-elemental"
      },
      {
        "prerequisites": [
          {
            "index": "druid-9",
            "type": "level",
            "name": "Druid 9"
          },
          {
            "index": "circle-of-the-land-coast",
            "type": "feature",
            "name": "Circle of the Land: Coast"
          }
        ],
        "spell": "scrying"
      },
      {
        "prerequisites": [
          {
            "index": "druid-3",
            "type": "level",
            "name": "Druid 3"
          },
          {
            "index": "circle-of-the-land-desert",
            "type": "feature",
            "name": "Circle of the Land: Desert"
          }
        ],
        "spell": "blur"
      },
      {
        "prerequisites": [
          {
            "index": "druid-3",
            "type": "level",
            "name": "Druid 3"
          },
          {
            "index": "circle-of-the-land-desert",
            "type": "feature",
            "name": "Circle of the Land: Desert"
          }
        ],
        "spell": "silence"
      },
      {
        "prerequisites": [
          {
            "index": "druid-5",
            "type": "level",
            "name": "Druid 5"
          },
          {
            "index": "circle-of-the-land-desert",
            "type": "feature",
            "name": "Circle of the Land: Desert"
          }
        ],
        "spell": "create-food-and-water"
      },
      {
        "prerequisites": [
          {
            "index": "druid-5",
            "type": "level",
            "name": "Druid 5"
          },
          {
            "index": "circle-of-the-land-desert",
            "type": "feature",
            "name": "Circle of the Land: Desert"
          }
        ],
        "spell": "protection-from-energy"
      },
      {
        "prerequisites": [
          {
            "index": "druid-7",
            "type": "level",
            "name": "Druid 7"
          },
          {
            "index": "circle-of-the-land-desert",
            "type": "feature",
            "name": "Circle of the Land: Desert"
          }
        ],
        "spell": "blight"
      },
      {
        "prerequisites": [
          {
            "index": "druid-7",
            "type": "level",
            "name": "Druid 7"
          },
          {
            "index": "circle-of-the-land-desert",
            "type": "feature",
            "name": "Circle of the Land: Desert"
          }
        ],
        "spell": "hallucinatory-terrain"
      },
      {
        "prerequisites": [
          {
            "index": "druid-9",
            "type": "level",
            "name": "Druid 9"
          },
          {
            "index": "circle-of-the-land-desert",
            "type": "feature",
            "name": "Circle of the Land: Desert"
          }
        ],
        "spell": "insect-plague"
      },
      {
        "prerequisites": [
          {
            "index": "druid-9",
            "type": "level",
            "name": "Druid 9"
          },
          {
            "index": "circle-of-the-land-desert",
            "type": "feature",
            "name": "Circle of the Land: Desert"
          }
        ],
        "spell": "wall-of-stone"
      },
      {
        "prerequisites": [
          {
            "index": "druid-3",
            "type": "level",
            "name": "Druid 3"
          },
          {
            "index": "circle-of-the-land-forest",
            "type": "feature",
            "name": "Circle of the Land: Forest"
          }
        ],
        "spell": "barkskin"
      },
      {
        "prerequisites": [
          {
            "index": "druid-3",
            "type": "level",
            "name": "Druid 3"
          },
          {
            "index": "circle-of-the-land-forest",
            "type": "feature",
            "name": "Circle of the Land: Forest"
          }
        ],
        "spell": "spider-climb"
      },
      {
        "prerequisites": [
          {
            "index": "druid-5",
            "type": "level",
            "name": "Druid 5"
          },
          {
            "index": "circle-of-the-land-forest",
            "type": "feature",
            "name": "Circle of the Land: Forest"
          }
        ],
        "spell": "call-lightning"
      },
      {
        "prerequisites": [
          {
            "index": "druid-5",
            "type": "level",
            "name": "Druid 5"
          },
          {
            "index": "circle-of-the-land-forest",
            "type": "feature",
            "name": "Circle of the Land: Forest"
          }
        ],
        "spell": "plant-growth"
      },
      {
        "prerequisites": [
          {
            "index": "druid-7",
            "type": "level",
            "name": "Druid 7"
          },
          {
            "index": "circle-of-the-land-forest",
            "type": "feature",
            "name": "Circle of the Land: Forest"
          }
        ],
        "spell": "divination"
      },
      {
        "prerequisites": [
          {
            "index": "druid-7",
            "type": "level",
            "name": "Druid 7"
          },
          {
            "index": "circle-of-the-land-forest",
            "type": "feature",
            "name": "Circle of the Land: Forest"
          }
        ],
        "spell": "freedom-of-movement"
      },
      {
        "prerequisites": [
          {
            "index": "druid-9",
            "type": "level",
            "name": "Druid 9"
          },
          {
            "index": "circle-of-the-land-forest",
            "type": "feature",
            "name": "Circle of the Land: Forest"
          }
        ],
        "spell": "commune-with-nature"
      },
      {
        "prerequisites": [
          {
            "index": "druid-9",
            "type": "level",
            "name": "Druid 9"
          },
          {
            "index": "circle-of-the-land-forest",
            "type": "feature",
            "name": "Circle of the Land: Forest"
          }
        ],
        "spell": "tree-stride"
      },
      {
        "prerequisites": [
          {
            "index": "druid-3",
            "type": "level",
            "name": "Druid 3"
          },
          {
            "index": "circle-of-the-land-grassland",
            "type": "feature",
            "name": "Circle of the Land: Grassland"
          }
        ],
        "spell": "invisibility"
      },
      {
        "prerequisites": [
          {
            "index": "druid-3",
            "type": "level",
            "name": "Druid 3"
          },
          {
            "index": "circle-of-the-land-grassland",
            "type": "feature",
            "name": "Circle of the Land: Grassland"
          }
        ],
        "spell": "pass-without-trace"
      },
      {
        "prerequisites": [
          {
            "index": "druid-5",
            "type": "level",
            "name": "Druid 5"
          },
          {
            "index": "circle-of-the-land-grassland",
            "type": "feature",
            "name": "Circle of the Land: Grassland"
          }
        ],
        "spell": "daylight"
      },
      {
        "prerequisites": [
          {
            "index": "druid-5",
            "type": "level",
            "name": "Druid 5"
          },
          {
            "index": "circle-of-the-land-grassland",
            "type": "feature",
            "name": "Circle of the Land: Grassland"
          }
        ],
        "spell": "haste"
      },
      {
        "prerequisites": [
          {
            "index": "druid-7",
            "type": "level",
            "name": "Druid 7"
          },
          {
            "index": "circle-of-the-land-grassland",
            "type": "feature",
            "name": "Circle of the Land: Grassland"
          }
        ],
        "spell": "divination"
      },
      {
        "prerequisites": [
          {
            "index": "druid-7",
            "type": "level",
            "name": "Druid 7"
          },
          {
            "index": "circle-of-the-land-grassland",
            "type": "feature",
            "name": "Circle of the Land: Grassland"
          }
        ],
        "spell": "freedom-of-movement"
      },
      {
        "prerequisites": [
          {
            "index": "druid-9",
            "type": "level",
            "name": "Druid 9"
          },
          {
            "index": "circle-of-the-land-grassland",
            "type": "feature",
            "name": "Circle of the Land: Grassland"
          }
        ],
        "spell": "dream"
      },
      {
        "prerequisites": [
          {
            "index": "druid-9",
            "type": "level",
            "name": "Druid 9"
          },
          {
            "index": "circle-of-the-land-grassland",
            "type": "feature",
            "name": "Circle of the Land: Grassland"
          }
        ],
        "spell": "insect-plague"
      },
      {
        "prerequisites": [
          {
            "index": "druid-3",
            "type": "level",
            "name": "Druid 3"
          },
          {
            "index": "circle-of-the-land-mountain",
            "type": "feature",
            "name": "Circle of the Land: Mountain"
          }
        ],
        "spell": "spider-climb"
      },
      {
        "prerequisites": [
          {
            "index": "druid-3",
            "type": "level",
            "name": "Druid 3"
          },
          {
            "index": "circle-of-the-land-mountain",
            "type": "feature",
            "name": "Circle of the Land: Mountain"
          }
        ],
        "spell": "spike-growth"
      },
      {
        "prerequisites": [
          {
            "index": "druid-5",
            "type": "level",
            "name": "Druid 5"
          },
          {
            "index": "circle-of-the-land-mountain",
            "type": "feature",
            "name": "Circle of the Land: Mountain"
          }
        ],
        "spell": "lightning-bolt"
      },
      {
        "prerequisites": [
          {
            "index": "druid-5",
            "type": "level",
            "name": "Druid 5"
          },
          {
            "index": "circle-of-the-land-mountain",
            "type": "feature",
            "name": "Circle of the Land: Mountain"
          }
        ],
        "spell": "meld-into-stone"
      },
      {
        "prerequisites": [
          {
            "index": "druid-7",
            "type": "level",
            "name": "Druid 7"
          },
          {
            "index": "circle-of-the-land-mountain",
            "type": "feature",
            "name": "Circle of the Land: Mountain"
          }
        ],
        "spell": "stone-shape"
      },
      {
        "prerequisites": [
          {
            "index": "druid-7",
            "type": "level",
            "name": "Druid 7"
          },
          {
            "index": "circle-of-the-land-mountain",
            "type": "feature",
            "name": "Circle of the Land: Mountain"
          }
        ],
        "spell": "stoneskin"
      },
      {
        "prerequisites": [
          {
            "index": "druid-9",
            "type": "level",
            "name": "Druid 9"
          },
          {
            "index": "circle-of-the-land-mountain",
            "type": "feature",
            "name": "Circle of the Land: Mountain"
          }
        ],
        "spell": "passwall"
      },
      {
        "prerequisites": [
          {
            "index": "druid-9",
            "type": "level",
            "name": "Druid 9"
          },
          {
            "index": "circle-of-the-land-mountain",
            "type": "feature",
            "name": "Circle of the Land: Mountain"
          }
        ],
        "spell": "wall-of-stone"
      },
      {
        "prerequisites": [
          {
            "index": "druid-3",
            "type": "level",
            "name": "Druid 3"
          },
          {
            "index": "circle-of-the-land-swamp",
            "type": "feature",
            "name": "Circle of the Land: Swamp"
          }
        ],
        "spell": "acid-arrow"
      },
      {
        "prerequisites": [
          {
            "index": "druid-3",
            "type": "level",
            "name": "Druid 3"
          },
          {
            "index": "circle-of-the-land-swamp",
            "type": "feature",
            "name": "Circle of the Land: Swamp"
          }
        ],
        "spell": "darkness"
      },
      {
        "prerequisites": [
          {
            "index": "druid-5",
            "type": "level",
            "name": "Druid 5"
          },
          {
            "index": "circle-of-the-land-swamp",
            "type": "feature",
            "name": "Circle of the Land: Swamp"
          }
        ],
        "spell": "water-walk"
      },
      {
        "prerequisites": [
          {
            "index": "druid-5",
            "type": "level",
            "name": "Druid 5"
          },
          {
            "index": "circle-of-the-land-swamp",
            "type": "feature",
            "name": "Circle of the Land: Swamp"
          }
        ],
        "spell": "stinking-cloud"
      },
      {
        "prerequisites": [
          {
            "index": "druid-7",
            "type": "level",
            "name": "Druid 7"
          },
          {
            "index": "circle-of-the-land-swamp",
            "type": "feature",
            "name": "Circle of the Land: Swamp"
          }
        ],
        "spell": "freedom-of-movement"
      },
      {
        "prerequisites": [
          {
            "index": "druid-7",
            "type": "level",
            "name": "Druid 7"
          },
          {
            "index": "circle-of-the-land-swamp",
            "type": "feature",
            "name": "Circle of the Land: Swamp"
          }
        ],
        "spell": "locate-creature"
      },
      {
        "prerequisites": [
          {
            "index": "druid-9",
            "type": "level",
            "name": "Druid 9"
          },
          {
            "index": "circle-of-the-land-swamp",
            "type": "feature",
            "name": "Circle of the Land: Swamp"
          }
        ],
        "spell": "insect-plague"
      },
      {
        "prerequisites": [
          {
            "index": "druid-9",
            "type": "level",
            "name": "Druid 9"
          },
          {
            "index": "circle-of-the-land-swamp",
            "type": "feature",
            "name": "Circle of the Land: Swamp"
          }
        ],
        "spell": "scrying"
      }
    ]
  },
  {
    "index": "champion",
    "class": "fighter",
    "name": "Чемпіон",
    "subclass_flavor": "Архетип бойових мистецтв",
    "desc": [
      "Архетипний Чемпіон зосереджується на розвитку чистої фізичної сили, відточеної до смертельної досконалості. Ті, хто взірцем для себе є цей архетип, поєднують суворі тренування з фізичною майстерністю, щоб завдавати нищівних ударів."
    ]
  },
  {
    "index": "open-hand",
    "class": "monk",
    "name": "Відкрита долоня",
    "subclass_flavor": "Монастирська традиція",
    "desc": [
      "Ченці Шляху Відкритої Руки є найвищими майстрами бойових мистецтв, озброєними чи беззбройними. Вони вивчають техніки штовхання та підніжки супротивників, маніпулюють кі, щоб зцілювати пошкодження їхніх тіл, та практикують розширену медитацію, яка може захистити їх від шкоди."
    ]
  },
  {
    "index": "devotion",
    "class": "paladin",
    "name": "Відданість",
    "subclass_flavor": "Священна клятва",
    "desc": [
      "Клятва Відданості пов'язує паладина з найвищими ідеалами справедливості, чесноти та порядку. Іноді їх називають кавалерами, білими лицарями або святими воїнами, ці паладини відповідають ідеалу лицаря в сяючих обладунках, що діє з честю в прагненні до справедливості та загального блага. Вони дотримуються найвищих стандартів поведінки, а деякі, на краще чи на гірше, дотримуються тих самих стандартів і решта світу. Багато хто з тих, хто дається цією клятвою, віддані богам закону та добра і використовують принципи своїх богів як міру своєї відданості. Вони вважають ангелів — досконалих слуг добра — своїми ідеалами та включають зображення ангельських крил у свої шоломи або герби."
    ],
    "spells": [
      {
        "prerequisites": [
          {
            "index": "paladin-3",
            "type": "level",
            "name": "Paladin 3"
          }
        ],
        "spell": "protection-from-evil-and-good"
      },
      {
        "prerequisites": [
          {
            "index": "paladin-3",
            "type": "level",
            "name": "Paladin 3"
          }
        ],
        "spell": "sanctuary"
      },
      {
        "prerequisites": [
          {
            "index": "paladin-5",
            "type": "level",
            "name": "Paladin 5"
          }
        ],
        "spell": "lesser-restoration"
      },
      {
        "prerequisites": [
          {
            "index": "paladin-5",
            "type": "level",
            "name": "Paladin 5"
          }
        ],
        "spell": "zone-of-truth"
      },
      {
        "prerequisites": [
          {
            "index": "paladin-9",
            "type": "level",
            "name": "Paladin 9"
          }
        ],
        "spell": "beacon-of-hope"
      },
      {
        "prerequisites": [
          {
            "index": "paladin-9",
            "type": "level",
            "name": "Paladin 9"
          }
        ],
        "spell": "dispel-magic"
      },
      {
        "prerequisites": [
          {
            "index": "paladin-13",
            "type": "level",
            "name": "Paladin 13"
          }
        ],
        "spell": "freedom-of-movement"
      },
      {
        "prerequisites": [
          {
            "index": "paladin-13",
            "type": "level",
            "name": "Paladin 13"
          }
        ],
        "spell": "guardian-of-faith"
      },
      {
        "prerequisites": [
          {
            "index": "paladin-17",
            "type": "level",
            "name": "Paladin 17"
          }
        ],
        "spell": "commune"
      },
      {
        "prerequisites": [
          {
            "index": "paladin-17",
            "type": "level",
            "name": "Paladin 17"
          }
        ],
        "spell": "flame-strike"
      }
    ]
  },
  {
    "index": "hunter",
    "class": "ranger",
    "name": "Мисливець",
    "subclass_flavor": "Архетип Рейнджера",
    "desc": [
      "Наслідування архетипу Мисливця означає прийняття свого місця як оплоту між цивілізацією та жахами дикої природи. Йдучи шляхом Мисливця, ви вивчаєте спеціальні техніки боротьби із загрозами, з якими стикаєтеся, від шалених огрів та полчищ орків до величних велетнів та жахливих драконів."
    ]
  },
  {
    "index": "thief",
    "class": "rogue",
    "name": "Злодій",
    "subclass_flavor": "Архетип шахрая",
    "desc": [
      "Ви відточуєте свої навички у мистецтві крадіжки. Грабіжники, бандити, різьбярі та інші злочинці зазвичай наслідують цей архетип, але так само роблять і шахраї, які вважають за краще вважати себе професійними шукачами скарбів, дослідниками, шукачами та слідчими. Окрім покращення своєї спритності та скритності, ви вивчаєте навички, корисні для заглиблення у стародавні руїни, читання незнайомих мов та використання магічних предметів, які ви зазвичай не можете використовувати."
    ]
  },
  {
    "index": "draconic",
    "class": "sorcerer",
    "name": "Драконівський",
    "subclass_flavor": "Чарівне Походження",
    "desc": [
      "Ваша вроджена магія походить від драконівської магії, змішаної з вашою кров’ю або кров’ю ваших предків. Найчастіше чаклуни такого походження простежують своє походження від могутнього чаклуна давніх часів, який уклав угоду з драконом або, можливо, навіть заявив, що мав батьків-драконів. Деякі з цих родоводів добре відомі у світі, але більшість з них маловідомі. Будь-який чаклун може бути першим у новому родоводі в результаті угоди або якоїсь іншої виняткової обставини."
    ]
  },
  {
    "index": "fiend",
    "class": "warlock",
    "name": "Диявол",
    "subclass_flavor": "Потойбічний покровитель",
    "desc": [
      "Ви уклали угоду з демоном з нижчих планів існування, істотою, чиї цілі злі, навіть якщо ви боретеся проти цих цілей. Такі істоти бажають зіпсувати або знищити все суще, зрештою включаючи вас. До демонів, достатньо могутніх, щоб укласти угоду, належать такі демонічні володарі, як Демогоргон, Оркус, Фраз'Урб-луу та Бафомет; архидьяволів, таких як Асмодей, Діспатер, Мефістофель та Беліал; особливо могутніх демонів ями та балорів; а також ультролотів та інших володарів юголотів."
    ],
    "spells": [
      {
        "prerequisites": [
          {
            "index": "warlock-1",
            "type": "level",
            "name": "Warlock 1"
          }
        ],
        "spell": "burning-hands"
      },
      {
        "prerequisites": [
          {
            "index": "warlock-1",
            "type": "level",
            "name": "Warlock 1"
          }
        ],
        "spell": "command"
      },
      {
        "prerequisites": [
          {
            "index": "warlock-3",
            "type": "level",
            "name": "Warlock 3"
          }
        ],
        "spell": "blindness-deafness"
      },
      {
        "prerequisites": [
          {
            "index": "warlock-3",
            "type": "level",
            "name": "Warlock 3"
          }
        ],
        "spell": "scorching-ray"
      },
      {
        "prerequisites": [
          {
            "index": "warlock-5",
            "type": "level",
            "name": "Warlock 5"
          }
        ],
        "spell": "fireball"
      },
      {
        "prerequisites": [
          {
            "index": "warlock-5",
            "type": "level",
            "name": "Warlock 5"
          }
        ],
        "spell": "stinking-cloud"
      },
      {
        "prerequisites": [
          {
            "index": "warlock-7",
            "type": "level",
            "name": "Warlock 7"
          }
        ],
        "spell": "fire-shield"
      },
      {
        "prerequisites": [
          {
            "index": "warlock-7",
            "type": "level",
            "name": "Warlock 7"
          }
        ],
        "spell": "wall-of-fire"
      },
      {
        "prerequisites": [
          {
            "index": "warlock-9",
            "type": "level",
            "name": "Warlock 9"
          }
        ],
        "spell": "flame-strike"
      },
      {
        "prerequisites": [
          {
            "index": "warlock-9",
            "type": "level",
            "name": "Warlock 9"
          }
        ],
        "spell": "hallow"
      }
    ]
  },
  {
    "index": "evocation",
    "class": "wizard",
    "name": "Викликання",
    "subclass_flavor": "Таємна Традиція",
    "desc": [
      "Ви зосереджуєте своє вивчення на магії, яка створює потужні стихійні ефекти, такі як лютий холод, палюче полум'я, грім, тріск блискавки та палаюча кислота. Деякі заклиначі знаходять роботу у військових силах, служачи артилерією для знищення ворожих армій здалеку. Інші використовують свою вражаючу силу для захисту слабких, а деякі прагнуть власної вигоди як бандити, шукачі пригод або майбутні тирани."
    ]
  }
]
