[
  {
    "index": "ammunition",
    "name": "Боєприпаси",
    "desc": [
      "Ви можете використовувати зброю з властивістю боєприпасів для здійснення дальньої атаки лише за наявності відповідних боєприпасів. Кожна атака витрачає один боєприпас. Витяг боєприпасів із сагайдака або футляра є частиною атаки (для заряджання одноручної зброї потрібна вільна рука).",
      "Після битви можна відновити половину витрачених боєприпасів, витративши хвилину на пошук на полі бою. Якщо зброя з властивістю боєприпасів використовується для атаки в ближньому бою, вона вважається імпровізованою зброєю (див. «Імпровізована зброя»). Праща повинна бути заряджена, щоб завдати шкоди при такому використанні."
    ]
  },
  {
    "index": "finesse",
    "name": "Витонченість",
    "desc": [
      "Під час атаки витонченою зброєю ви можете використовувати модифікатор Сили або Спритності для кидків атаки та пошкодження, вибравши один і той самий для обох."
    ]
  },
  {
    "index": "heavy",
    "name": "Важка",
    "desc": [
      "Маленькі істоти отримують недолік на атаки важкою зброєю. Великий розмір і масивність роблять її незручною для маленьких істот."
    ]
  },
  {
    "index": "light",
    "name": "Легка",
    "desc": [
      "Легка зброя невелика та зручна, що робить її ідеальною для бою двома зброями одночасно."
    ]
  },
  {
    "index": "loading",
    "name": "Заряджання",
    "desc": [
      "Через час, необхідний для заряджання цієї зброї, ви можете випустити лише один боєприпас за використання дії, бонусної дії або реакції, незалежно від кількості атак."
    ]
  },
  {
    "index": "reach",
    "name": "Дальність",
    "desc": [
      "Ця зброя додає 5 футів до вашої досяжності при атаці, а також при визначенні досяжності для випадкових атак."
    ]
  },
  {
    "index": "special",
    "name": "Спеціальна",
    "desc": [
      "Зброя зі спеціальною властивістю має унікальні правила використання, зазначені в її описі (див. «Спеціальна зброя»)."
    ]
  },
  {
    "index": "thrown",
    "name": "Кинута",
    "desc": [
      "Якщо зброя має властивість кидання, її можна кинути для здійснення дальньої атаки. Для атак зброєю ближнього бою використовуйте той самий модифікатор здібностей для кидка атаки та пошкодження. Наприклад, кидаючи ручну сокиру, застосовуйте Силу; кидаючи кинджал, можна використати Силу або Спритність через властивість витонченості."
    ]
  },
  {
    "index": "two-handed",
    "name": "Дворучна",
    "desc": [
      "Для атаки цією зброєю потрібні обидві руки."
    ]
  },
  {
    "index": "versatile",
    "name": "Універсальна",
    "desc": [
      "Цю зброю можна використовувати однією або двома руками. Значення пошкодження в дужках застосовується, якщо атака здійснюється двома руками."
    ]
  },
  {
    "index": "monk",
    "name": "Чернець",
    "desc": [
      "Ченці отримують особливі переваги, коли не носять зброї або використовують лише монашу зброю, за умови, що вони не мають обладунків і не тримають щит."
    ]
  }
]
