[
  {
    "index": "padded-armor",
    "name": "М'яка броня"
  },
  {
    "index": "leather-armor",
    "name": "Шкіряні обладунки"
  },
  {
    "index": "studded-leather-armor",
    "name": "Шкіряні обладунки з шипами"
  },
  {
    "index": "hide-armor",
    "name": "Шкіряна броня"
  },
  {
    "index": "chain-shirt",
    "name": "Ланцюгова сорочка"
  },
  {
    "index": "scale-mail",
    "name": "Масштабна пошта"
  },
  {
    "index": "breastplate",
    "name": "Нагрудник"
  },
  {
    "index": "half-plate-armor",
    "name": "Напівпластинчастий обладунок"
  },
  {
    "index": "ring-mail",
    "name": "Кільцева пошта"
  },
  {
    "index": "chain-mail",
    "name": "Кольштук"
  },
  {
    "index": "splint-armor",
    "name": "Осколочний доспех"
  },
  {
    "index": "plate-armor",
    "name": "Платний обладунок"
  },
  {
    "index": "clubs",
    "name": "Клуби"
  },
  {
    "index": "daggers",
    "name": "Кинджали"
  },
  {
    "index": "greatclubs",
    "name": "Чудові клуби"
  },
  {
    "index": "handaxes",
    "name": "Ручні сокири"
  },
  {
    "index": "javelins",
    "name": "Списи"
  },
  {
    "index": "light-hammers",
    "name": "Легкі молотки"
  },
  {
    "index": "maces",
    "name": "Булави"
  },
  {
    "index": "quarterstaffs",
    "name": "Штафи"
  },
  {
    "index": "sickles",
    "name": "Серпи"
  },
  {
    "index": "spears",
    "name": "Спірс"
  },
  {
    "index": "crossbows-light",
    "name": "Арбалети, легкі"
  },
  {
    "index": "darts",
    "name": "Дартс"
  },
  {
    "index": "shortbows",
    "name": "Короткі луки"
  },
  {
    "index": "slings",
    "name": "Строги"
  },
  {
    "index": "battleaxes",
    "name": "Бойові сокири"
  },
  {
    "index": "flails",
    "name": "Ціпи"
  },
  {
    "index": "glaives",
    "name": "Глейвс"
  },
  {
    "index": "greataxes",
    "name": "Великі сокири"
  },
  {
    "index": "greatswords",
    "name": "Другі мечі"
  },
  {
    "index": "halberds",
    "name": "Алебарди"
  },
  {
    "index": "lances",
    "name": "Списи"
  },
  {
    "index": "longswords",
    "name": "Довгі мечі"
  },
  {
    "index": "mauls",
    "name": "Маули"
  },
  {
    "index": "morningstars",
    "name": "Ранкові зірки"
  },
  {
    "index": "pikes",
    "name": "Щуки"
  },
  {
    "index": "rapiers",
    "name": "Рапіри"
  },
  {
    "index": "scimitars",
    "name": "Скімітари"
  },
  {
    "index": "shortswords",
    "name": "Короткі мечі"
  },
  {
    "index": "tridents",
    "name": "Тризуби"
  },
  {
    "index": "war-picks",
    "name": "Вибір війни"
  },
  {
    "index": "warhammers",
    "name": "Ворхаммерс"
  },
  {
    "index": "whips",
    "name": "Бити"
  },
  {
    "index": "blowguns",
    "name": "Видувні пістолети"
  },
  {
    "index": "hand-crossbows",
    "name": "Ручні арбалети"
  },
  {
    "index": "crossbows-heavy",
    "name": "Арбалети, важкі"
  },
  {
    "index": "longbows",
    "name": "Довгі луки"
  },
  {
    "index": "nets",
    "name": "Сітки"
  },
  {
    "index": "alchemists-supplies",
    "name": "Приладдя алхіміка"
  },
  {
    "index": "brewers-supplies",
    "name": "Товари пивоварів"
  },
  {
    "index": "calligraphers-supplies",
    "name": "Каліграфське приладдя"
  },
  {
    "index": "carpenters-tools",
    "name": "Інструменти тесляра"
  },
  {
    "index": "cartographers-tools",
    "name": "Інструменти картографа"
  },
  {
    "index": "cobblers-tools",
    "name": "Інструменти шевця"
  },
  {
    "index": "cooks-utensils",
    "name": "Кухарське начиння"
  },
  {
    "index": "glassblowers-tools",
    "name": "Інструменти склодува"
  },
  {
    "index": "jewelers-tools",
    "name": "Інструменти ювеліра"
  },
  {
    "index": "leatherworkers-tools",
    "name": "Інструменти шкіряника"
  },
  {
    "index": "masons-tools",
    "name": "Інструменти муляра"
  },
  {
    "index": "painters-supplies",
    "name": "Малярське приладдя"
  },
  {
    "index": "potters-tools",
    "name": "Гончарні інструменти"
  },
  {
    "index": "smiths-tools",
    "name": "Інструменти Сміта"
  },
  {
    "index": "tinkers-tools",
    "name": "Інструменти майстра"
  },
  {
    "index": "weavers-tools",
    "name": "Інструменти ткача"
  },
  {
    "index": "woodcarvers-tools",
    "name": "Інструменти різьбяра по дереву"
  },
  {
    "index": "disguise-kit",
    "name": "Набір для маскування"
  },
  {
    "index": "forgery-kit",
    "name": "Набір для підробки"
  },
  {
    "index": "dice-set",
    "name": "Набір гральних кубиків"
  },
  {
    "index": "playing-card-set",
    "name": "Набір гральних карт"
  },
  {
    "index": "bagpipes",
    "name": "Волинка"
  },
  {
    "index": "drum",
    "name": "Барабан"
  },
  {
    "index": "dulcimer",
    "name": "Цимбали"
  },
  {
    "index": "flute",
    "name": "Флейта ({S}})"
  },
  {
    "index": "lute",
    "name": "Лютня"
  },
  {
    "index": "lyre",
    "name": "Ліра"
  },
  {
    "index": "horn",
    "name": "Рукав"
  },
  {
    "index": "pan-flute",
    "name": "Флейта Пана"
  },
  {
    "index": "shawm",
    "name": "Шоум"
  },
  {
    "index": "viol",
    "name": "Віол"
  },
  {
    "index": "herbalism-kit",
    "name": "Набір для травництва"
  },
  {
    "index": "navigators-tools",
    "name": "Інструменти навігатора"
  },
  {
    "index": "poisoners-kit",
    "name": "Набір отруйника"
  },
  {
    "index": "thieves-tools",
    "name": "Знаряддя злодіїв"
  }
]