[
  {
    "index": "padded-armor",
    "name": "М'яка броня",
    "reference": "padded-armor",
    "type": "equipment-type"
  },
  {
    "index": "leather-armor",
    "name": "Шкіряні обладунки",
    "reference": "leather-armor",
    "type": "equipment-type"
  },
  {
    "index": "studded-leather-armor",
    "name": "Шкіряні обладунки з шипами",
    "reference": "studded-leather-armor",
    "type": "equipment-type"
  },
  {
    "index": "hide-armor",
    "name": "Шкіряна броня",
    "reference": "hide-armor",
    "type": "equipment-type"
  },
  {
    "index": "chain-shirt",
    "name": "Ланцюгова сорочка",
    "reference": "chain-shirt",
    "type": "equipment-type"
  },
  {
    "index": "scale-mail",
    "name": "Масштабна пошта",
    "reference": "scale-mail",
    "type": "equipment-type"
  },
  {
    "index": "breastplate",
    "name": "Нагрудник",
    "reference": "breastplate",
    "type": "equipment-type"
  },
  {
    "index": "half-plate-armor",
    "name": "Напівпластинчастий обладунок",
    "reference": "half-plate-armor",
    "type": "equipment-type"
  },
  {
    "index": "ring-mail",
    "name": "Кільцева пошта",
    "reference": "ring-mail",
    "type": "equipment-type"
  },
  {
    "index": "chain-mail",
    "name": "Кольштук",
    "reference": "chain-mail",
    "type": "equipment-type"
  },
  {
    "index": "splint-armor",
    "name": "Осколочний доспех",
    "reference": "splint-armor",
    "type": "equipment-type"
  },
  {
    "index": "plate-armor",
    "name": "Платний обладунок",
    "reference": "plate-armor",
    "type": "equipment-type"
  },
  {
    "index": "clubs",
    "name": "Клуби",
    "reference": "club",
    "type": "equipment-type"
  },
  {
    "index": "daggers",
    "name": "Кинджали",
    "reference": "dagger",
    "type": "equipment-type"
  },
  {
    "index": "greatclubs",
    "name": "Чудові клуби",
    "reference": "greatclub",
    "type": "equipment-type"
  },
  {
    "index": "handaxes",
    "name": "Ручні сокири",
    "reference": "handaxe",
    "type": "equipment-type"
  },
  {
    "index": "javelins",
    "name": "Списи",
    "reference": "javelin",
    "type": "equipment-type"
  },
  {
    "index": "light-hammers",
    "name": "Легкі молотки",
    "reference": "light-hammer",
    "type": "equipment-type"
  },
  {
    "index": "maces",
    "name": "Булави",
    "reference": "mace",
    "type": "equipment-type"
  },
  {
    "index": "quarterstaffs",
    "name": "Штафи",
    "reference": "quarterstaff",
    "type": "equipment-type"
  },
  {
    "index": "sickles",
    "name": "Серпи",
    "reference": "sickle",
    "type": "equipment-type"
  },
  {
    "index": "spears",
    "name": "Спірс",
    "reference": "spear",
    "type": "equipment-type"
  },
  {
    "index": "crossbows-light",
    "name": "Арбалети, легкі",
    "reference": "crossbow-light",
    "type": "equipment-type"
  },
  {
    "index": "darts",
    "name": "Дартс",
    "reference": "dart",
    "type": "equipment-type"
  },
  {
    "index": "shortbows",
    "name": "Короткі луки",
    "reference": "shortbow",
    "type": "equipment-type"
  },
  {
    "index": "slings",
    "name": "Строги",
    "reference": "sling",
    "type": "equipment-type"
  },
  {
    "index": "battleaxes",
    "name": "Бойові сокири",
    "reference": "battleaxe",
    "type": "equipment-type"
  },
  {
    "index": "flails",
    "name": "Ціпи",
    "reference": "flail",
    "type": "equipment-type"
  },
  {
    "index": "glaives",
    "name": "Глейвс",
    "reference": "glaive",
    "type": "equipment-type"
  },
  {
    "index": "greataxes",
    "name": "Великі сокири",
    "reference": "greataxe",
    "type": "equipment-type"
  },
  {
    "index": "greatswords",
    "name": "Другі мечі",
    "reference": "greatsword",
    "type": "equipment-type"
  },
  {
    "index": "halberds",
    "name": "Алебарди",
    "reference": "halberd",
    "type": "equipment-type"
  },
  {
    "index": "lances",
    "name": "Списи",
    "reference": "lance",
    "type": "equipment-type"
  },
  {
    "index": "longswords",
    "name": "Довгі мечі",
    "reference": "longsword",
    "type": "equipment-type"
  },
  {
    "index": "mauls",
    "name": "Маули",
    "reference": "maul",
    "type": "equipment-type"
  },
  {
    "index": "morningstars",
    "name": "Ранкові зірки",
    "reference": "morningstar",
    "type": "equipment-type"
  },
  {
    "index": "pikes",
    "name": "Щуки",
    "reference": "pike",
    "type": "equipment-type"
  },
  {
    "index": "rapiers",
    "name": "Рапіри",
    "reference": "rapier",
    "type": "equipment-type"
  },
  {
    "index": "scimitars",
    "name": "Скімітари",
    "reference": "scimitar",
    "type": "equipment-type"
  },
  {
    "index": "shortswords",
    "name": "Короткі мечі",
    "reference": "shortsword",
    "type": "equipment-type"
  },
  {
    "index": "tridents",
    "name": "Тризуби",
    "reference": "trident",
    "type": "equipment-type"
  },
  {
    "index": "war-picks",
    "name": "Вибір війни",
    "reference": "war-pick",
    "type": "equipment-type"
  },
  {
    "index": "warhammers",
    "name": "Ворхаммерс",
    "reference": "warhammer",
    "type": "equipment-type"
  },
  {
    "index": "whips",
    "name": "Бити",
    "reference": "whip",
    "type": "equipment-type"
  },
  {
    "index": "blowguns",
    "name": "Видувні пістолети",
    "reference": "blowgun",
    "type": "equipment-type"
  },
  {
    "index": "hand-crossbows",
    "name": "Ручні арбалети",
    "reference": "crossbow-hand",
    "type": "equipment-type"
  },
  {
    "index": "crossbows-heavy",
    "name": "Арбалети, важкі",
    "reference": "crossbow-heavy",
    "type": "equipment-type"
  },
  {
    "index": "longbows",
    "name": "Довгі луки",
    "reference": "longbow",
    "type": "equipment-type"
  },
  {
    "index": "nets",
    "name": "Сітки",
    "reference": "net",
    "type": "equipment-type"
  },
  {
    "index": "alchemists-supplies",
    "name": "Приладдя алхіміка",
    "reference": "alchemists-supplies",
    "type": "equipment-type"
  },
  {
    "index": "brewers-supplies",
    "name": "Товари пивоварів",
    "reference": "brewers-supplies",
    "type": "equipment-type"
  },
  {
    "index": "calligraphers-supplies",
    "name": "Каліграфське приладдя",
    "reference": "calligraphers-supplies",
    "type": "equipment-type"
  },
  {
    "index": "carpenters-tools",
    "name": "Інструменти тесляра",
    "reference": "carpenters-tools",
    "type": "equipment-type"
  },
  {
    "index": "cartographers-tools",
    "name": "Інструменти картографа",
    "reference": "cartographers-tools",
    "type": "equipment-type"
  },
  {
    "index": "cobblers-tools",
    "name": "Інструменти шевця",
    "reference": "cobblers-tools",
    "type": "equipment-type"
  },
  {
    "index": "cooks-utensils",
    "name": "Кухарське начиння",
    "reference": "cooks-utensils",
    "type": "equipment-type"
  },
  {
    "index": "glassblowers-tools",
    "name": "Інструменти склодува",
    "reference": "glassblowers-tools",
    "type": "equipment-type"
  },
  {
    "index": "jewelers-tools",
    "name": "Інструменти ювеліра",
    "reference": "jewelers-tools",
    "type": "equipment-type"
  },
  {
    "index": "leatherworkers-tools",
    "name": "Інструменти шкіряника",
    "reference": "leatherworkers-tools",
    "type": "equipment-type"
  },
  {
    "index": "masons-tools",
    "name": "Інструменти муляра",
    "reference": "masons-tools",
    "type": "equipment-type"
  },
  {
    "index": "painters-supplies",
    "name": "Малярське приладдя",
    "reference": "painters-supplies",
    "type": "equipment-type"
  },
  {
    "index": "potters-tools",
    "name": "Гончарні інструменти",
    "reference": "potters-tools",
    "type": "equipment-type"
  },
  {
    "index": "smiths-tools",
    "name": "Інструменти Сміта",
    "reference": "smiths-tools",
    "type": "equipment-type"
  },
  {
    "index": "tinkers-tools",
    "name": "Інструменти майстра",
    "reference": "tinkers-tools",
    "type": "equipment-type"
  },
  {
    "index": "weavers-tools",
    "name": "Інструменти ткача",
    "reference": "weavers-tools",
    "type": "equipment-type"
  },
  {
    "index": "woodcarvers-tools",
    "name": "Інструменти різьбяра по дереву",
    "reference": "woodcarvers-tools",
    "type": "equipment-type"
  },
  {
    "index": "disguise-kit",
    "name": "Набір для маскування",
    "reference": "disguise-kit",
    "type": "equipment-type"
  },
  {
    "index": "forgery-kit",
    "name": "Набір для підробки",
    "reference": "forgery-kit",
    "type": "equipment-type"
  },
  {
    "index": "dice-set",
    "name": "Набір гральних кубиків",
    "reference": "dice-set",
    "type": "equipment-type"
  },
  {
    "index": "playing-card-set",
    "name": "Набір гральних карт",
    "reference": "playing-card-set",
    "type": "equipment-type"
  },
  {
    "index": "bagpipes",
    "name": "Волинка",
    "reference": "bagpipes",
    "type": "equipment-type"
  },
  {
    "index": "drum",
    "name": "Барабан",
    "reference": "drum",
    "type": "equipment-type"
  },
  {
    "index": "dulcimer",
    "name": "Цимбали",
    "reference": "dulcimer",
    "type": "equipment-type"
  },
  {
    "index": "flute",
    "name": "Флейта ({S}})",
    "reference": "flute",
    "type": "equipment-type"
  },
  {
    "index": "lute",
    "name": "Лютня",
    "reference": "lute",
    "type": "equipment-type"
  },
  {
    "index": "lyre",
    "name": "Ліра",
    "reference": "lyre",
    "type": "equipment-type"
  },
  {
    "index": "horn",
    "name": "Рукав",
    "reference": "horn",
    "type": "equipment-type"
  },
  {
    "index": "pan-flute",
    "name": "Флейта Пана",
    "reference": "pan-flute",
    "type": "equipment-type"
  },
  {
    "index": "shawm",
    "name": "Шоум",
    "reference": "shawm",
    "type": "equipment-type"
  },
  {
    "index": "viol",
    "name": "Віол",
    "reference": "viol",
    "type": "equipment-type"
  },
  {
    "index": "herbalism-kit",
    "name": "Набір для травництва",
    "reference": "herbalism-kit",
    "type": "equipment-type"
  },
  {
    "index": "navigators-tools",
    "name": "Інструменти навігатора",
    "reference": "navigators-tools",
    "type": "equipment-type"
  },
  {
    "index": "poisoners-kit",
    "name": "Набір отруйника",
    "reference": "poisoners-kit",
    "type": "equipment-type"
  },
  {
    "index": "thieves-tools",
    "name": "Знаряддя злодіїв",
    "reference": "thieves-tools",
    "type": "equipment-type"
  }
]