[
  {
    "index": "acid",
    "name": "Кислотна",
    "desc": [
      "Їдка рідина або дихання чорного дракона, що завдає кислотної шкоди."
    ]
  },
  {
    "index": "bludgeoning",
    "name": "Дробляча",
    "desc": [
      "Удари тупими предметами, падіння, звуження та подібні дії завдають дроблячої шкоди."
    ]
  },
  {
    "index": "cold",
    "name": "Холодна",
    "desc": [
      "Лідяна енергія, наприклад дихання білого дракона або крижаний порив, завдає холодної шкоди."
    ]
  },
  {
    "index": "fire",
    "name": "Вогняна",
    "desc": [
      "Дихання червоного дракона та заклинання, що викликають полум’я, завдають вогняної шкоди."
    ]
  },
  {
    "index": "force",
    "name": "Силова",
    "desc": [
      "Чиста магічна енергія, сфокусована для руйнування. Приклади — магічні снаряди та духовна зброя."
    ]
  },
  {
    "index": "lightning",
    "name": "Блискавична",
    "desc": [
      "Заклинання блискавки та дихання синього дракона завдають блискавичної шкоди."
    ]
  },
  {
    "index": "necrotic",
    "name": "Некротична",
    "desc": [
      "Шкода, що руйнує живу та матеріальну форму, завдається нежиттю та заклинаннями, такими як «Холодний дотик»."
    ]
  },
  {
    "index": "piercing",
    "name": "Проникаюча",
    "desc": [
      "Колючі атаки, такі як спис або укуси монстрів, завдають проникаючої шкоди."
    ]
  },
  {
    "index": "poison",
    "name": "Отруйна",
    "desc": [
      "Отруйні укуси та токсичні гази, наприклад дихання зеленого дракона, завдають отруйної шкоди."
    ]
  },
  {
    "index": "psychic",
    "name": "Психічна",
    "desc": [
      "Ментальні атаки та псионічні здібності, такі як «Псионічний вибух», завдають психічної шкоди."
    ]
  },
  {
    "index": "radiant",
    "name": "Сяюча",
    "desc": [
      "Сила світла, заклинання та святкова зброя завдають сяючої шкоди."
    ]
  },
  {
    "index": "slashing",
    "name": "Різальна",
    "desc": [
      "Мечі, сокири та кігті монстрів завдають різальної шкоди."
    ]
  },
  {
    "index": "thunder",
    "name": "Громова",
    "desc": [
      "Гучні вибухи та заклинання, такі як «Громова хвиля», завдають громової шкоди."
    ]
  }
]
