[
  {
    "index": "light-armor",
    "type": "armor",
    "name": "Легка броня",
    "classes": [
      "barbarian",
      "bard",
      "cleric",
      "druid",
      "ranger",
      "rogue",
      "warlock"
    ],
    "races": [],
    "reference": "light-armor"
  },
  {
    "index": "medium-armor",
    "type": "armor",
    "name": "Середня броня",
    "classes": [
      "barbarian",
      "cleric",
      "druid",
      "ranger"
    ],
    "races": [],
    "reference": "medium-armor"
  },
  {
    "index": "heavy-armor",
    "type": "armor",
    "name": "Важка броня",
    "classes": [],
    "races": [],
    "reference": "heavy-armor"
  },
  {
    "index": "all-armor",
    "type": "armor",
    "name": "Вся броня",
    "classes": [
      "fighter",
      "paladin"
    ],
    "races": [],
    "reference": "armor"
  },
  {
    "index": "padded-armor",
    "type": "armor",
    "name": "М'яка броня",
    "classes": [],
    "races": [],
    "reference": "padded-armor"
  },
  {
    "index": "leather-armor",
    "type": "armor",
    "name": "Шкіряні обладунки",
    "classes": [],
    "races": [],
    "reference": "leather-armor"
  },
  {
    "index": "studded-leather-armor",
    "type": "armor",
    "name": "Шкіряні обладунки з шипами",
    "classes": [],
    "races": [],
    "reference": "studded-leather-armor"
  },
  {
    "index": "hide-armor",
    "type": "armor",
    "name": "Шкіряна броня",
    "classes": [],
    "races": [],
    "reference": "hide-armor"
  },
  {
    "index": "chain-shirt",
    "type": "armor",
    "name": "Ланцюгова сорочка",
    "classes": [],
    "races": [],
    "reference": "chain-shirt"
  },
  {
    "index": "scale-mail",
    "type": "armor",
    "name": "Масштабна пошта",
    "classes": [],
    "races": [],
    "reference": "scale-mail"
  },
  {
    "index": "breastplate",
    "type": "armor",
    "name": "Нагрудник",
    "classes": [],
    "races": [],
    "reference": "breastplate"
  },
  {
    "index": "half-plate-armor",
    "type": "armor",
    "name": "Напівпластинчастий обладунок",
    "classes": [],
    "races": [],
    "reference": "half-plate-armor"
  },
  {
    "index": "ring-mail",
    "type": "armor",
    "name": "Кільцева пошта",
    "classes": [],
    "races": [],
    "reference": "ring-mail"
  },
  {
    "index": "chain-mail",
    "type": "armor",
    "name": "Кольштук",
    "classes": [],
    "races": [],
    "reference": "chain-mail"
  },
  {
    "index": "splint-armor",
    "type": "armor",
    "name": "Осколочний доспех",
    "classes": [],
    "races": [],
    "reference": "splint-armor"
  },
  {
    "index": "plate-armor",
    "type": "armor",
    "name": "Платний обладунок",
    "classes": [],
    "races": [],
    "reference": "plate-armor"
  },
  {
    "index": "shields",
    "type": "armor",
    "name": "Щити",
    "classes": [
      "barbarian",
      "cleric",
      "druid",
      "fighter",
      "paladin",
      "ranger"
    ],
    "races": [],
    "reference": "shield"
  },
  {
    "index": "simple-weapons",
    "type": "weapons",
    "name": "Проста зброя",
    "classes": [
      "barbarian",
      "bard",
      "cleric",
      "fighter",
      "monk",
      "paladin",
      "ranger",
      "rogue",
      "warlock"
    ],
    "races": [],
    "reference": "simple-weapons"
  },
  {
    "index": "martial-weapons",
    "type": "weapons",
    "name": "Бойова зброя",
    "classes": [
      "barbarian",
      "fighter",
      "paladin",
      "ranger"
    ],
    "races": [],
    "reference": "martial-weapons"
  },
  {
    "index": "clubs",
    "type": "weapons",
    "name": "Клуби",
    "classes": [
      "druid"
    ],
    "races": [],
    "reference": "club"
  },
  {
    "index": "daggers",
    "type": "weapons",
    "name": "Кинджали",
    "classes": [
      "druid",
      "sorcerer",
      "wizard"
    ],
    "races": [],
    "reference": "dagger"
  },
  {
    "index": "greatclubs",
    "type": "weapons",
    "name": "Чудові клуби",
    "classes": [],
    "races": [],
    "reference": "greatclub"
  },
  {
    "index": "handaxes",
    "type": "weapons",
    "name": "Ручні сокири",
    "classes": [],
    "races": [
      "dwarf"
    ],
    "reference": "handaxe"
  },
  {
    "index": "javelins",
    "type": "weapons",
    "name": "Списи",
    "classes": [
      "druid"
    ],
    "races": [],
    "reference": "javelin"
  },
  {
    "index": "light-hammers",
    "type": "weapons",
    "name": "Легкі молотки",
    "classes": [],
    "races": [
      "dwarf"
    ],
    "reference": "light-hammer"
  },
  {
    "index": "maces",
    "type": "weapons",
    "name": "Булави",
    "classes": [
      "druid"
    ],
    "races": [],
    "reference": "mace"
  },
  {
    "index": "quarterstaffs",
    "type": "weapons",
    "name": "Штафи",
    "classes": [
      "druid",
      "sorcerer",
      "wizard"
    ],
    "races": [],
    "reference": "quarterstaff"
  },
  {
    "index": "sickles",
    "type": "weapons",
    "name": "Серпи",
    "classes": [
      "druid"
    ],
    "races": [],
    "reference": "sickle"
  },
  {
    "index": "spears",
    "type": "weapons",
    "name": "Спірс",
    "classes": [
      "druid"
    ],
    "races": [],
    "reference": "spear"
  },
  {
    "index": "crossbows-light",
    "type": "weapons",
    "name": "Арбалети, легкі",
    "classes": [
      "sorcerer",
      "wizard"
    ],
    "races": [],
    "reference": "crossbow-light"
  },
  {
    "index": "darts",
    "type": "weapons",
    "name": "Дартс",
    "classes": [
      "druid",
      "sorcerer",
      "wizard"
    ],
    "races": [],
    "reference": "dart"
  },
  {
    "index": "shortbows",
    "type": "weapons",
    "name": "Короткі луки",
    "classes": [],
    "races": [
      "high-elf"
    ],
    "reference": "shortbow"
  },
  {
    "index": "slings",
    "type": "weapons",
    "name": "Строги",
    "classes": [
      "druid",
      "sorcerer",
      "wizard"
    ],
    "races": [],
    "reference": "sling"
  },
  {
    "index": "battleaxes",
    "type": "weapons",
    "name": "Бойові сокири",
    "classes": [],
    "races": [
      "dwarf"
    ],
    "reference": "battleaxe"
  },
  {
    "index": "flails",
    "type": "weapons",
    "name": "Ціпи",
    "classes": [],
    "races": [],
    "reference": "flail"
  },
  {
    "index": "glaives",
    "type": "weapons",
    "name": "Глейвс",
    "classes": [],
    "races": [],
    "reference": "glaive"
  },
  {
    "index": "greataxes",
    "type": "weapons",
    "name": "Великі сокири",
    "classes": [],
    "races": [],
    "reference": "greataxe"
  },
  {
    "index": "greatswords",
    "type": "weapons",
    "name": "Другі мечі",
    "classes": [],
    "races": [],
    "reference": "greatsword"
  },
  {
    "index": "halberds",
    "type": "weapons",
    "name": "Алебарди",
    "classes": [],
    "races": [],
    "reference": "halberd"
  },
  {
    "index": "lances",
    "type": "weapons",
    "name": "Списи",
    "classes": [],
    "races": [],
    "reference": "lance"
  },
  {
    "index": "longswords",
    "type": "weapons",
    "name": "Довгі мечі",
    "classes": [
      "bard",
      "rogue"
    ],
    "races": [
      "high-elf"
    ],
    "reference": "longsword"
  },
  {
    "index": "mauls",
    "type": "weapons",
    "name": "Маули",
    "classes": [],
    "races": [],
    "reference": "maul"
  },
  {
    "index": "morningstars",
    "type": "weapons",
    "name": "Ранкові зірки",
    "classes": [],
    "races": [],
    "reference": "morningstar"
  },
  {
    "index": "pikes",
    "type": "weapons",
    "name": "Щуки",
    "classes": [],
    "races": [],
    "reference": "pike"
  },
  {
    "index": "rapiers",
    "type": "weapons",
    "name": "Рапіри",
    "classes": [
      "bard",
      "rogue"
    ],
    "races": [],
    "reference": "rapier"
  },
  {
    "index": "scimitars",
    "type": "weapons",
    "name": "Скімітари",
    "classes": [
      "druid"
    ],
    "races": [],
    "reference": "scimitar"
  },
  {
    "index": "shortswords",
    "type": "weapons",
    "name": "Короткі мечі",
    "classes": [
      "bard",
      "monk",
      "rogue"
    ],
    "races": [
      "high-elf"
    ],
    "reference": "shortsword"
  },
  {
    "index": "tridents",
    "type": "weapons",
    "name": "Тризуби",
    "classes": [],
    "races": [],
    "reference": "trident"
  },
  {
    "index": "war-picks",
    "type": "weapons",
    "name": "Вибір війни",
    "classes": [],
    "races": [],
    "reference": "war-pick"
  },
  {
    "index": "warhammers",
    "type": "weapons",
    "name": "Ворхаммерс",
    "classes": [],
    "races": [
      "dwarf"
    ],
    "reference": "warhammer"
  },
  {
    "index": "whips",
    "type": "weapons",
    "name": "Бити",
    "classes": [],
    "races": [],
    "reference": "whip"
  },
  {
    "index": "blowguns",
    "type": "weapons",
    "name": "Видувні пістолети",
    "classes": [],
    "races": [],
    "reference": "blowgun"
  },
  {
    "index": "hand-crossbows",
    "type": "weapons",
    "name": "Ручні арбалети",
    "classes": [
      "bard",
      "rogue"
    ],
    "races": [],
    "reference": "crossbow-hand"
  },
  {
    "index": "crossbows-heavy",
    "type": "weapons",
    "name": "Арбалети, важкі",
    "classes": [],
    "races": [],
    "reference": "crossbow-heavy"
  },
  {
    "index": "longbows",
    "type": "weapons",
    "name": "Довгі луки",
    "classes": [],
    "races": [
      "high-elf"
    ],
    "reference": "longbow"
  },
  {
    "index": "nets",
    "type": "weapons",
    "name": "Сітки",
    "classes": [],
    "races": [],
    "reference": "net"
  },
  {
    "index": "alchemists-supplies",
    "type": "artisan's-tools",
    "name": "Приладдя алхіміка",
    "classes": [],
    "races": [],
    "reference": "alchemists-supplies"
  },
  {
    "index": "brewers-supplies",
    "type": "artisan's-tools",
    "name": "Товари пивоварів",
    "classes": [],
    "races": [],
    "reference": "brewers-supplies"
  },
  {
    "index": "calligraphers-supplies",
    "type": "artisan's-tools",
    "name": "Каліграфське приладдя",
    "classes": [],
    "races": [],
    "reference": "calligraphers-supplies"
  },
  {
    "index": "carpenters-tools",
    "type": "artisan's-tools",
    "name": "Інструменти тесляра",
    "classes": [],
    "races": [],
    "reference": "carpenters-tools"
  },
  {
    "index": "cartographers-tools",
    "type": "artisan's-tools",
    "name": "Інструменти картографа",
    "classes": [],
    "races": [],
    "reference": "cartographers-tools"
  },
  {
    "index": "cobblers-tools",
    "type": "artisan's-tools",
    "name": "Інструменти шевця",
    "classes": [],
    "races": [],
    "reference": "cobblers-tools"
  },
  {
    "index": "cooks-utensils",
    "type": "artisan's-tools",
    "name": "Кухарське начиння",
    "classes": [],
    "races": [],
    "reference": "cooks-utensils"
  },
  {
    "index": "glassblowers-tools",
    "type": "artisan's-tools",
    "name": "Інструменти склодува",
    "classes": [],
    "races": [],
    "reference": "glassblowers-tools"
  },
  {
    "index": "jewelers-tools",
    "type": "artisan's-tools",
    "name": "Інструменти ювеліра",
    "classes": [],
    "races": [],
    "reference": "jewelers-tools"
  },
  {
    "index": "leatherworkers-tools",
    "type": "artisan's-tools",
    "name": "Інструменти шкіряника",
    "classes": [],
    "races": [],
    "reference": "leatherworkers-tools"
  },
  {
    "index": "masons-tools",
    "type": "artisan's-tools",
    "name": "Інструменти муляра",
    "classes": [],
    "races": [],
    "reference": "masons-tools"
  },
  {
    "index": "painters-supplies",
    "type": "artisan's-tools",
    "name": "Малярське приладдя",
    "classes": [],
    "races": [],
    "reference": "painters-supplies"
  },
  {
    "index": "potters-tools",
    "type": "artisan's-tools",
    "name": "Гончарні інструменти",
    "classes": [],
    "races": [],
    "reference": "potters-tools"
  },
  {
    "index": "smiths-tools",
    "type": "artisan's-tools",
    "name": "Інструменти Сміта",
    "classes": [],
    "races": [],
    "reference": "smiths-tools"
  },
  {
    "index": "tinkers-tools",
    "type": "artisan's-tools",
    "name": "Інструменти майстра",
    "classes": [],
    "races": [],
    "reference": "tinkers-tools"
  },
  {
    "index": "weavers-tools",
    "type": "artisan's-tools",
    "name": "Інструменти ткача",
    "classes": [],
    "races": [],
    "reference": "weavers-tools"
  },
  {
    "index": "woodcarvers-tools",
    "type": "artisan's-tools",
    "name": "Інструменти різьбяра по дереву",
    "classes": [],
    "races": [],
    "reference": "woodcarvers-tools"
  },
  {
    "index": "disguise-kit",
    "type": "artisan's-tools",
    "name": "Набір для маскування",
    "classes": [],
    "races": [],
    "reference": "disguise-kit"
  },
  {
    "index": "forgery-kit",
    "type": "artisan's-tools",
    "name": "Набір для підробки",
    "classes": [],
    "races": [],
    "reference": "forgery-kit"
  },
  {
    "index": "dice-set",
    "type": "gaming-sets",
    "name": "Набір гральних кубиків",
    "classes": [],
    "races": [],
    "reference": "dice-set"
  },
  {
    "index": "playing-card-set",
    "type": "gaming-sets",
    "name": "Набір гральних карт",
    "classes": [],
    "races": [],
    "reference": "playing-card-set"
  },
  {
    "index": "bagpipes",
    "type": "musical-instruments",
    "name": "Волинка",
    "classes": [],
    "races": [],
    "reference": "bagpipes"
  },
  {
    "index": "drum",
    "type": "musical-instruments",
    "name": "Барабан",
    "classes": [],
    "races": [],
    "reference": "drum"
  },
  {
    "index": "dulcimer",
    "type": "musical-instruments",
    "name": "Цимбали",
    "classes": [],
    "races": [],
    "reference": "dulcimer"
  },
  {
    "index": "flute",
    "type": "musical-instruments",
    "name": "Флейта ({S}})",
    "classes": [],
    "races": [],
    "reference": "flute"
  },
  {
    "index": "lute",
    "type": "musical-instruments",
    "name": "Лютня",
    "classes": [],
    "races": [],
    "reference": "lute"
  },
  {
    "index": "lyre",
    "type": "musical-instruments",
    "name": "Ліра",
    "classes": [],
    "races": [],
    "reference": "lyre"
  },
  {
    "index": "horn",
    "type": "musical-instruments",
    "name": "Рукав",
    "classes": [],
    "races": [],
    "reference": "horn"
  },
  {
    "index": "pan-flute",
    "type": "musical-instruments",
    "name": "Флейта Пана",
    "classes": [],
    "races": [],
    "reference": "pan-flute"
  },
  {
    "index": "shawm",
    "type": "musical-instruments",
    "name": "Шоум",
    "classes": [],
    "races": [],
    "reference": "shawm"
  },
  {
    "index": "viol",
    "type": "musical-instruments",
    "name": "Віол",
    "classes": [],
    "races": [],
    "reference": "viol"
  },
  {
    "index": "herbalism-kit",
    "type": "other",
    "name": "Набір для травництва",
    "classes": [
      "druid"
    ],
    "races": [],
    "reference": "herbalism-kit"
  },
  {
    "index": "navigators-tools",
    "type": "other",
    "name": "Інструменти навігатора",
    "classes": [],
    "races": [],
    "reference": "navigators-tools"
  },
  {
    "index": "poisoners-kit",
    "type": "other",
    "name": "Набір отруйника",
    "classes": [],
    "races": [],
    "reference": "poisoners-kit"
  },
  {
    "index": "thieves-tools",
    "type": "other",
    "name": "Знаряддя злодіїв",
    "classes": [
      "rogue"
    ],
    "races": [],
    "reference": "thieves-tools"
  },
  {
    "index": "land-vehicles",
    "type": "vehicles",
    "name": "Наземні транспортні засоби",
    "classes": [],
    "races": [],
    "reference": "land-vehicles"
  },
  {
    "index": "water-vehicles",
    "type": "vehicles",
    "name": "Водні транспортні засоби",
    "classes": [],
    "races": [],
    "reference": "waterborne-vehicles"
  },
  {
    "index": "saving-throw-str",
    "type": "saving-throws",
    "name": "Рятувальний кидок: СИЛА",
    "classes": [
      "barbarian",
      "fighter",
      "monk",
      "ranger"
    ],
    "races": [],
    "reference": "str"
  },
  {
    "index": "saving-throw-dex",
    "type": "saving-throws",
    "name": "Рятувальний кидок: СПР",
    "classes": [
      "bard",
      "monk",
      "ranger",
      "rogue"
    ],
    "races": [],
    "reference": "dex"
  },
  {
    "index": "saving-throw-con",
    "type": "saving-throws",
    "name": "Рятувальний кидок: CON",
    "classes": [
      "barbarian",
      "fighter",
      "sorcerer"
    ],
    "races": [],
    "reference": "con"
  },
  {
    "index": "saving-throw-int",
    "type": "saving-throws",
    "name": "Рятувальний кидок: INT",
    "classes": [
      "druid",
      "rogue",
      "wizard"
    ],
    "races": [],
    "reference": "int"
  },
  {
    "index": "saving-throw-wis",
    "type": "saving-throws",
    "name": "Рятувальний кидок: WIS",
    "classes": [
      "cleric",
      "druid",
      "paladin",
      "warlock",
      "wizard"
    ],
    "races": [],
    "reference": "wis"
  },
  {
    "index": "saving-throw-cha",
    "type": "saving-throws",
    "name": "Рятувальний кидок: CHA",
    "classes": [
      "bard",
      "cleric",
      "paladin",
      "sorcerer",
      "warlock"
    ],
    "races": [],
    "reference": "cha"
  },
  {
    "index": "skill-acrobatics",
    "type": "skills",
    "name": "Навичка: Акробатика",
    "classes": [],
    "races": [],
    "reference": "acrobatics"
  },
  {
    "index": "skill-animal-handling",
    "type": "skills",
    "name": "Навичка: Поводження з тваринами",
    "classes": [],
    "races": [],
    "reference": "animal-handling"
  },
  {
    "index": "skill-arcana",
    "type": "skills",
    "name": "Навичка: Аркана",
    "classes": [],
    "races": [],
    "reference": "arcana"
  },
  {
    "index": "skill-athletics",
    "type": "skills",
    "name": "Навичка: Легка атлетика",
    "classes": [],
    "races": [],
    "reference": "athletics"
  },
  {
    "index": "skill-deception",
    "type": "skills",
    "name": "Навичка: Обман",
    "classes": [],
    "races": [],
    "reference": "deception"
  },
  {
    "index": "skill-history",
    "type": "skills",
    "name": "Навичка: Історія",
    "classes": [],
    "races": [],
    "reference": "history"
  },
  {
    "index": "skill-insight",
    "type": "skills",
    "name": "Навичка: Проникливість",
    "classes": [],
    "races": [],
    "reference": "insight"
  },
  {
    "index": "skill-intimidation",
    "type": "skills",
    "name": "Навичка: Залякування",
    "classes": [],
    "races": [],
    "reference": "intimidation"
  },
  {
    "index": "skill-investigation",
    "type": "skills",
    "name": "Навичка: Розслідування",
    "classes": [],
    "races": [],
    "reference": "investigation"
  },
  {
    "index": "skill-medicine",
    "type": "skills",
    "name": "Навичка: Медицина",
    "classes": [],
    "races": [],
    "reference": "medicine"
  },
  {
    "index": "skill-nature",
    "type": "skills",
    "name": "Навичка: Природа",
    "classes": [],
    "races": [],
    "reference": "nature"
  },
  {
    "index": "skill-perception",
    "type": "skills",
    "name": "Навичка: Сприйняття",
    "classes": [],
    "races": [
      "elf"
    ],
    "reference": "perception"
  },
  {
    "index": "skill-performance",
    "type": "skills",
    "name": "Навичка: Виконання",
    "classes": [],
    "races": [],
    "reference": "performance"
  },
  {
    "index": "skill-persuasion",
    "type": "skills",
    "name": "Навичка: Переконання",
    "classes": [],
    "races": [],
    "reference": "persuasion"
  },
  {
    "index": "skill-religion",
    "type": "skills",
    "name": "Навичка: Релігія",
    "classes": [],
    "races": [],
    "reference": "religion"
  },
  {
    "index": "skill-sleight-of-hand",
    "type": "skills",
    "name": "Навичка: Спритність рук",
    "classes": [],
    "races": [],
    "reference": "sleight-of-hand"
  },
  {
    "index": "skill-stealth",
    "type": "skills",
    "name": "Навичка: Прихованість",
    "classes": [],
    "races": [],
    "reference": "stealth"
  },
  {
    "index": "skill-survival",
    "type": "skills",
    "name": "Навичка: Виживання",
    "classes": [],
    "races": [],
    "reference": "survival"
  }
]
