[
  {
    "index": "acrobatics",
    "name": "Акробатика",
    "desc": [
      "Ваша перевірка Спритності (Акробатика) охоплює вашу спробу втриматися на ногах у складній ситуації, наприклад, коли ви намагаєтеся бігти по крижаній ковдрі, балансувати на канату або залишатися вертикально на палубі корабля, що хитається. Ведучий також може запросити перевірку Спритності (Акробатика), щоб побачити, чи можете ви виконувати акробатичні трюки, включаючи стрибки, перевороти, сальто та сальто."
    ],
    "ability_score": "dex"
  },
  {
    "index": "animal-handling",
    "name": "Догляд тварин",
    "desc": [
      "Коли виникають сумніви щодо того, чи зможете ви заспокоїти домашню тварину, не дати скакуну налякатися або інтуїтивно зрозуміти наміри тварини, ведучий може вимагати перевірки Мудрості (Поводження з тваринами). Ви також проводите перевірку Мудрості (Поводження з тваринами), щоб контролювати свого скакуна, коли намагаєтеся виконати ризикований маневр."
    ],
    "ability_score": "wis"
  },
  {
    "index": "arcana",
    "name": "Містицизм",
    "desc": [
      "Ваша перевірка Інтелекту (Таймів) вимірює вашу здатність згадувати знання про заклинання, магічні предмети, таємничі символи, магічні традиції, плани існування та мешканців цих планів."
    ],
    "ability_score": "int"
  },
  {
    "index": "athletics",
    "name": "Атлетика",
    "desc": [
      "Ваша перевірка Сили (Легка атлетика) охоплює складні ситуації, з якими ви стикаєтеся під час лазіння, стрибків або плавання."
    ],
    "ability_score": "str"
  },
  {
    "index": "deception",
    "name": "Обман",
    "desc": [
      "Ваша перевірка Харизми (Обман) визначає, чи можете ви переконливо приховати правду, усно або діями. Цей обман може охоплювати все: від введення інших в оману через двозначність до відвертої брехні. Типові ситуації включають спроби швидко переговорити охоронця, обдурити торговця, заробити гроші в азартних іграх, видати себе за маскування, притупити чиїсь підозри фальшивими запевненнями або зберегти серйозний вираз обличчя, розповідаючи відверту брехню."
    ],
    "ability_score": "cha"
  },
  {
    "index": "history",
    "name": "Історія",
    "desc": [
      "Ваша перевірка Інтелекту (Історія) вимірює вашу здатність згадувати перекази про історичні події, легендарних людей, стародавні королівства, минулі суперечки, нещодавні війни та втрачені цивілізації."
    ],
    "ability_score": "int"
  },
  {
    "index": "insight",
    "name": "Аналіз поведінки",
    "desc": [
      "Ваша перевірка Мудрості (Проникливості) визначає, чи можете ви визначити справжні наміри істоти, наприклад, під час пошуку брехні або передбачення чийогось наступного кроку. Це передбачає збирання підказок з мови тіла, мовленнєвих звичок та змін у манерах."
    ],
    "ability_score": "wis"
  },
  {
    "index": "intimidation",
    "name": "Залякування",
    "desc": [
      "Коли ви намагаєтеся вплинути на когось за допомогою відвертих погроз, ворожих дій та фізичного насильства, ведучий гри може попросити вас пройти перевірку Харизми (Залякування). Приклади включають спроби витягнути інформацію з ув'язненого, переконати вуличних бандитів відступити від конфронтації або використати край розбитої пляшки, щоб переконати глузливого візира переглянути рішення."
    ],
    "ability_score": "cha"
  },
  {
    "index": "investigation",
    "name": "Обстеження",
    "desc": [
      "Коли ви шукаєте підказки та робите висновки на основі цих підказок, ви проводите перевірку Інтелекту (Розслідування). Ви можете визначити місцезнаходження прихованого предмета, розрізнити за зовнішнім виглядом рани, якою зброєю його було завдано, або визначити найслабше місце в тунелі, яке могло б спричинити його обвал. Пошук прихованого фрагмента знань у стародавніх сувоях також може вимагати перевірки Інтелекту (Розслідування)."
    ],
    "ability_score": "int"
  },
  {
    "index": "medicine",
    "name": "Медицина",
    "desc": [
      "Перевірка Мудрості (Медицина) дозволяє спробувати стабілізувати стан вмираючого товариша або діагностувати хворобу."
    ],
    "ability_score": "wis"
  },
  {
    "index": "nature",
    "name": "Природа",
    "desc": [
      "Ваша перевірка Інтелекту (Природа) вимірює вашу здатність згадувати знання про місцевість, рослини та тварин, погоду та природні цикли."
    ],
    "ability_score": "int"
  },
  {
    "index": "perception",
    "name": "Уважність",
    "desc": [
      "Ваша перевірка Мудрості (Сприйняття) дозволяє вам помічати, чути або іншим чином виявляти присутність чогось. Вона вимірює вашу загальну обізнаність про навколишнє середовище та гостроту ваших почуттів. Наприклад, ви можете спробувати почути розмову крізь зачинені двері, підслухати під відчиненим вікном або почути монстрів, що непомітно рухаються в лісі. Або ви можете спробувати помітити речі, які приховані або легко пропустити, будь то орки, що ховаються в засідці на дорозі, головорізи, що ховаються в тіні провулку, або світло свічок під зачиненими таємними дверима."
    ],
    "ability_score": "wis"
  },
  {
    "index": "performance",
    "name": "Артистизм",
    "desc": [
      "Ваша перевірка Харизми (Виступ) визначає, наскільки добре ви можете захоплювати аудиторію музикою, танцями, акторською грою, розповіддю історій чи якоюсь іншою формою розваг."
    ],
    "ability_score": "cha"
  },
  {
    "index": "persuasion",
    "name": "Переконливість",
    "desc": [
      "Коли ви намагаєтеся вплинути на когось або групу людей за допомогою такту, соціальної вишуканості або добродушності, ведучий може попросити вас пройти перевірку Харизми (Переконання). Зазвичай ви використовуєте переконання, діючи з чесної волі, для сприяння дружбі, звернення з сердечними проханнями або демонстрації належного етикету. Приклади переконання інших включають переконання камергера дозволити вашій групі побачити короля, переговори про мир між ворогуючими племенами або натхнення натовпу городян."
    ],
    "ability_score": "cha"
  },
  {
    "index": "religion",
    "name": "Релігія",
    "desc": [
      "Ваша перевірка Інтелекту (Релігія) вимірює вашу здатність згадувати перекази про божеств, обряди та молитви, релігійні ієрархії, священні символи та практики таємних культів."
    ],
    "ability_score": "int"
  },
  {
    "index": "sleight-of-hand",
    "name": "Спритність рук",
    "desc": [
      "Щоразу, коли ви намагаєтеся вчинити хитрощі або шахрайство, наприклад, підкинути щось комусь іншому або приховати предмет на собі, пройдіть перевірку Спритності (Ловкість Рук). Ведучий також може вимагати перевірки Спритності (Ловкість Рук), щоб визначити, чи можете ви підняти гаманець з монетами у іншої людини або вислизнути щось з кишені іншої людини."
    ],
    "ability_score": "dex"
  },
  {
    "index": "stealth",
    "name": "Скритність",
    "desc": [
      "Пройдіть перевірку Спритності (Прихованість), коли намагаєтеся сховатися від ворогів, прослизнути повз охоронців, вислизнути непоміченим або підкрастися до когось, не будучи поміченим чи почутим."
    ],
    "ability_score": "dex"
  },
  {
    "index": "survival",
    "name": "Виживання",
    "desc": [
      "Гравець може попросити вас пройти перевірку Мудрості (Виживання), щоб слідувати слідами, полювати на дичину, вести свою групу через замерзлі пустки, розпізнавати ознаки того, що поблизу живуть сови-ведмеді, передбачати погоду або уникати пливун та інших природних небезпек."
    ],
    "ability_score": "wis"
  }
]
