[
  {
    "index": "cleave",
    "name": "Розсікання",
    "description": "Якщо ви вразили істоту кидком атаки ближнього бою, використовуючи цю зброю, ви можете зробити кидок атаки ближнього бою цією зброєю проти другої істоти в межах 5 футів від першої, яка також знаходиться в межах вашої досяжності. При влучанні друга істота отримує шкоду від зброї, але не додавайте свій модифікатор здібностей до цієї шкоди, якщо цей модифікатор не є негативним. Ви можете зробити цю додаткову атаку лише один раз за хід."
  },
  {
    "index": "graze",
    "name": "Дряпання",
    "description": "Якщо ваш кидок атаки цією зброєю промахується по істоті, ви можете завдати цій істоті шкоди, що дорівнює модифікатору здатності, який ви використали для кидка атаки. Ця шкода того ж типу, що й зброя, і шкоду можна збільшити лише збільшенням модифікатора здібності."
  },
  {
    "index": "nick",
    "name": "Сковзання",
    "description": "Коли ви виконуєте додаткову атаку властивості Світла, ви можете зробити це як частину дії Атаки, а не як Бонусну дію. Ви можете виконати цю додаткову атаку лише один раз за хід."
  },
  {
    "index": "push",
    "name": "Відштовхнення",
    "description": "Якщо ви вразите істоту цією зброєю, ви можете відштовхнути її від себе на відстань до 10 футів, якщо вона велика або менша."
  },
  {
    "index": "sap",
    "name": "Знесилення",
    "description": "Якщо ви вразите істоту цією зброєю, ця істота отримає Недолік на наступному кидку атаки перед початком вашого наступного ходу."
  },
  {
    "index": "slow",
    "name": "Уповільнення",
    "description": "Якщо ви вразите істоту цією зброєю та завдасте їй шкоди, ви можете зменшити її Швидкість на 10 футів до початку вашого наступного ходу. Якщо істоту вразили більше одного разу зброєю, яка має цю властивість, зниження Швидкості не перевищить 10 футів."
  },
  {
    "index": "topple",
    "name": "Скидання",
    "description": "Якщо ви вразите істоту цією зброєю, ви можете змусити істоту зробити кидок порятунку на Витривалість (Сл 8 плюс модифікатор здібностей, використаний для кидка атаки, та ваш Бонус Майстерності). У разі невдалого броску істота переходить у стан Лежачи."
  },
  {
    "index": "vex",
    "name": "Дратування",
    "description": "Якщо ви вдарите істоту цією зброєю та завдасте їй шкоди, ви отримаєте Перевагу на наступний кидок атаки проти цієї істоти до кінця вашого наступного ходу."
  }
]
