[
  {
    "index": "darkvision",
    "races": [
      "dwarf",
      "elf",
      "gnome",
      "half-elf",
      "half-orc",
      "tiefling"
    ],
    "subraces": [],
    "name": "Темне бачення",
    "desc": [
      "У вас чудовий зір у темряві та приглушених умовах. Ви можете бачити в тьмяному світлі на відстані 60 футів від себе, як яскраве світло, а в темряві, як тьмяне світло. Ви не можете розрізняти кольори в темряві, лише відтінки сірого."
    ],
    "proficiencies": []
  },
  {
    "index": "dwarven-resilience",
    "races": [
      "dwarf"
    ],
    "subraces": [],
    "name": "Стійкість гномів",
    "desc": [
      "Ви маєте перевагу на кидки від отрути та маєте опір пошкодженню отрутою."
    ],
    "proficiencies": []
  },
  {
    "index": "dwarven-combat-training",
    "races": [
      "dwarf"
    ],
    "subraces": [],
    "name": "Бойова підготовка гномів",
    "desc": [
      "Ви добре володієте бойовою сокирою, ручною сокирою, легким молотом та бойовим молотом."
    ],
    "proficiencies": [
      "battleaxes",
      "handaxes",
      "light-hammers",
      "warhammers"
    ]
  },
  {
    "index": "tool-proficiency",
    "races": [
      "dwarf"
    ],
    "subraces": [],
    "name": "Володіння інструментами",
    "desc": [
      "Ви опануєте майстерність роботи з інструментами ремісника на ваш вибір: ковальськими інструментами, пивоварним приладдям або інструментами муляра."
    ],
    "proficiencies": [],
    "proficiency_choices": {
      "choose": 1,
      "type": "proficiencies",
      "from": {
        "option_set_type": "options_array",
        "options": [
          {
            "option_type": "reference",
            "item": "smiths-tools"
          },
          {
            "option_type": "reference",
            "item": "brewers-supplies"
          },
          {
            "option_type": "reference",
            "item": "masons-tools"
          }
        ]
      }
    }
  },
  {
    "index": "stonecunning",
    "races": [
      "dwarf"
    ],
    "subraces": [],
    "name": "Каменярізьблення",
    "desc": [
      "Щоразу, коли ви проводите перевірку Інтелекту (Історія), пов'язану з походженням кам'яної кладки, ви вважаєтеся вправним у навичці Історія та до перевірки додається подвійний бонус майстерності замість звичайного бонусу майстерності."
    ],
    "proficiencies": []
  },
  {
    "index": "dwarven-toughness",
    "races": [],
    "subraces": [
      "hill-dwarf"
    ],
    "name": "Гномська міцність",
    "desc": [
      "Ваш максимальний запас очок здоров'я збільшується на 1, і він збільшується на 1 щоразу, коли ви отримуєте рівень."
    ],
    "proficiencies": []
  },
  {
    "index": "keen-senses",
    "races": [
      "elf"
    ],
    "subraces": [],
    "name": "Гострі почуття",
    "desc": [
      "Ви володієте навичкою Сприйняття."
    ],
    "proficiencies": [
      "skill-perception"
    ]
  },
  {
    "index": "fey-ancestry",
    "races": [
      "elf",
      "half-elf"
    ],
    "subraces": [],
    "name": "Походження фей",
    "desc": [
      "У вас є перевага на кидки порятунку від зачарування, і магія не може вас приспати."
    ],
    "proficiencies": []
  },
  {
    "index": "trance",
    "races": [
      "elf"
    ],
    "subraces": [],
    "name": "Транс",
    "desc": [
      "Ельфам не потрібно спати. Натомість вони глибоко медитують, залишаючись напівсвідомими, протягом 4 годин на день. (Загальноприйняте слово для такої медитації — «транс».) Під час медитації ви можете бачити сни певним чином; такі сни насправді є розумовими вправами, які стали рефлекторними протягом років практики. Відпочивши таким чином, ви отримуєте таку ж користь, як і людина від 8 годин сну."
    ],
    "proficiencies": []
  },
  {
    "index": "elf-weapon-training",
    "races": [],
    "subraces": [
      "high-elf"
    ],
    "name": "Навчання ельфів володінню зброєю",
    "desc": [
      "Ви добре володієте довгим мечем, коротким мечем, коротким луком та довгим луком."
    ],
    "proficiencies": [
      "longswords",
      "shortswords",
      "shortbows",
      "longbows"
    ]
  },
  {
    "index": "high-elf-cantrip",
    "races": [],
    "subraces": [
      "high-elf"
    ],
    "name": "Заклинання Високих Ельфів",
    "desc": [
      "Ви знаєте одне заклинання на ваш вибір зі списку чарівних заклинань. Інтелект — це ваша здатність до його використання."
    ],
    "proficiencies": [],
    "trait_specific": {
      "spell_options": {
        "choose": 1,
        "from": {
          "option_set_type": "options_array",
          "options": [
            {
              "option_type": "reference",
              "item": "light"
            },
            {
              "option_type": "reference",
              "item": "mage-hand"
            },
            {
              "option_type": "reference",
              "item": "mending"
            },
            {
              "option_type": "reference",
              "item": "message"
            },
            {
              "option_type": "reference",
              "item": "minor-illusion"
            },
            {
              "option_type": "reference",
              "item": "acid-splash"
            },
            {
              "option_type": "reference",
              "item": "prestidigitation"
            },
            {
              "option_type": "reference",
              "item": "ray-of-frost"
            },
            {
              "option_type": "reference",
              "item": "shocking-grasp"
            },
            {
              "option_type": "reference",
              "item": "true-strike"
            },
            {
              "option_type": "reference",
              "item": "chill-touch"
            },
            {
              "option_type": "reference",
              "item": "dancing-lights"
            },
            {
              "option_type": "reference",
              "item": "fire-bolt"
            },
            {
              "option_type": "reference",
              "item": "poison-spray"
            }
          ]
        },
        "type": "spell"
      }
    }
  },
  {
    "index": "extra-language",
    "races": [],
    "subraces": [
      "high-elf"
    ],
    "name": "Додаткова мова",
    "desc": [
      "Ви можете розмовляти, читати та писати однією додатковою мовою на ваш вибір."
    ],
    "proficiencies": [],
    "language_options": {
      "choose": 1,
      "type": "languages",
      "from": {
        "option_set_type": "options_array",
        "options": [
          {
            "option_type": "reference",
            "item": "dwarvish"
          },
          {
            "option_type": "reference",
            "item": "giant"
          },
          {
            "option_type": "reference",
            "item": "gnomish"
          },
          {
            "option_type": "reference",
            "item": "goblin"
          },
          {
            "option_type": "reference",
            "item": "halfling"
          },
          {
            "option_type": "reference",
            "item": "orc"
          },
          {
            "option_type": "reference",
            "item": "abyssal"
          },
          {
            "option_type": "reference",
            "item": "celestial"
          },
          {
            "option_type": "reference",
            "item": "draconic"
          },
          {
            "option_type": "reference",
            "item": "deep-speech"
          },
          {
            "option_type": "reference",
            "item": "infernal"
          },
          {
            "option_type": "reference",
            "item": "primordial"
          },
          {
            "option_type": "reference",
            "item": "sylvan"
          },
          {
            "option_type": "reference",
            "item": "undercommon"
          }
        ]
      }
    }
  },
  {
    "index": "lucky",
    "races": [
      "halfling"
    ],
    "subraces": [],
    "name": "Щасливчик",
    "desc": [
      "Коли на d20 випадає 1 для кидка атаки, перевірки здібностей або кидка порятунку, ви можете перекинути кубик і повинні використати новий кидок."
    ],
    "proficiencies": []
  },
  {
    "index": "brave",
    "races": [
      "halfling"
    ],
    "subraces": [],
    "name": "Хоробрий",
    "desc": [
      "У вас є перевага на кидок заощадження проти переляку."
    ],
    "proficiencies": []
  },
  {
    "index": "halfling-nimbleness",
    "races": [
      "halfling"
    ],
    "subraces": [],
    "name": "Спритність напіврослика",
    "desc": [
      "Ви можете переміщатися крізь простір будь-якої істоти, розмір якої перевищує ваш."
    ],
    "proficiencies": []
  },
  {
    "index": "naturally-stealthy",
    "races": [],
    "subraces": [
      "lightfoot-halfling"
    ],
    "name": "Природно непомітний",
    "desc": [
      "Ви можете спробувати сховатися, навіть якщо вас затьмарює лише істота, яка щонайменше на один розмір більша за вас."
    ],
    "proficiencies": []
  },
  {
    "index": "draconic-ancestry",
    "races": [
      "dragonborn"
    ],
    "subraces": [],
    "name": "Драконяче походження",
    "desc": [
      "У вас драконівське походження. Виберіть один тип дракона з таблиці драконівського походження. Ваша зброя дихання та стійкість до пошкоджень визначаються типом дракона, як показано в таблиці."
    ],
    "proficiencies": [],
    "trait_specific": {
      "subtrait_options": {
        "choose": 1,
        "from": {
          "option_set_type": "options_array",
          "options": [
            {
              "option_type": "reference",
              "item": "draconic-ancestry-black"
            },
            {
              "option_type": "reference",
              "item": "draconic-ancestry-blue"
            },
            {
              "option_type": "reference",
              "item": "draconic-ancestry-brass"
            },
            {
              "option_type": "reference",
              "item": "draconic-ancestry-bronze"
            },
            {
              "option_type": "reference",
              "item": "draconic-ancestry-copper"
            },
            {
              "option_type": "reference",
              "item": "draconic-ancestry-gold"
            },
            {
              "option_type": "reference",
              "item": "draconic-ancestry-green"
            },
            {
              "option_type": "reference",
              "item": "draconic-ancestry-red"
            },
            {
              "option_type": "reference",
              "item": "draconic-ancestry-silver"
            },
            {
              "option_type": "reference",
              "item": "draconic-ancestry-white"
            }
          ]
        },
        "type": "trait"
      }
    }
  },
  {
    "index": "draconic-ancestry-black",
    "races": [
      "dragonborn"
    ],
    "subraces": [],
    "name": "Драконяче походження (чорне)",
    "desc": [
      "У вас драконівське походження. Виберіть один тип дракона з таблиці драконівського походження. Ваша зброя дихання та стійкість до пошкоджень визначаються типом дракона, як показано в таблиці."
    ],
    "parent": "draconic-ancestry",
    "proficiencies": [],
    "trait_specific": {
      "damage_type": "acid",
      "breath_weapon": {
        "name": "Breath Weapon",
        "desc": "You can use your action to exhale destructive energy. Your draconic ancestry determines the size, shape, and damage type of the exhalation. When you use your breath weapon, each creature in the area of the exhalation must make a saving throw, the type of which is determined by your draconic ancestry. The DC for this saving throw equals 8 + your Constitution modifier + your proficiency bonus. A creature takes 2d6 damage on a failed save, and half as much damage on a successful one. The damage increases to 3d6 at 6th level, 4d6 at 11th level, and 5d6 at 16th level. After you use your breath weapon, you can't use it again until you complete a short or long rest.",
        "area_of_effect": {
          "size": 30,
          "type": "line"
        },
        "usage": {
          "type": "per rest",
          "times": 1
        },
        "dc": {
          "dc_type": "dex",
          "success_type": "half"
        },
        "damage": [
          {
            "damage_type": "acid",
            "damage_at_character_level": {
              "1": "2d6",
              "6": "3d6",
              "11": "4d6",
              "16": "5d6"
            }
          }
        ]
      }
    }
  },
  {
    "index": "draconic-ancestry-blue",
    "races": [
      "dragonborn"
    ],
    "subraces": [],
    "name": "Драконяче походження (синє)",
    "desc": [
      "У вас драконівське походження. Виберіть один тип дракона з таблиці драконівського походження. Ваша зброя дихання та стійкість до пошкоджень визначаються типом дракона, як показано в таблиці."
    ],
    "parent": "draconic-ancestry",
    "proficiencies": [],
    "trait_specific": {
      "damage_type": "lightning",
      "breath_weapon": {
        "name": "Breath Weapon",
        "desc": "You can use your action to exhale destructive energy. Your draconic ancestry determines the size, shape, and damage type of the exhalation. When you use your breath weapon, each creature in the area of the exhalation must make a saving throw, the type of which is determined by your draconic ancestry. The DC for this saving throw equals 8 + your Constitution modifier + your proficiency bonus. A creature takes 2d6 damage on a failed save, and half as much damage on a successful one. The damage increases to 3d6 at 6th level, 4d6 at 11th level, and 5d6 at 16th level. After you use your breath weapon, you can't use it again until you complete a short or long rest.",
        "area_of_effect": {
          "size": 30,
          "type": "line"
        },
        "usage": {
          "type": "per rest",
          "times": 1
        },
        "dc": {
          "dc_type": "dex",
          "success_type": "half"
        },
        "damage": [
          {
            "damage_type": "lightning",
            "damage_at_character_level": {
              "1": "2d6",
              "6": "3d6",
              "11": "4d6",
              "16": "5d6"
            }
          }
        ]
      }
    }
  },
  {
    "index": "draconic-ancestry-brass",
    "races": [
      "dragonborn"
    ],
    "subraces": [],
    "name": "Драконяче походження (латунь)",
    "desc": [
      "У вас драконівське походження. Виберіть один тип дракона з таблиці драконівського походження. Ваша зброя дихання та стійкість до пошкоджень визначаються типом дракона, як показано в таблиці."
    ],
    "parent": "draconic-ancestry",
    "proficiencies": [],
    "trait_specific": {
      "damage_type": "fire",
      "breath_weapon": {
        "name": "Breath Weapon",
        "desc": "You can use your action to exhale destructive energy. Your draconic ancestry determines the size, shape, and damage type of the exhalation. When you use your breath weapon, each creature in the area of the exhalation must make a saving throw, the type of which is determined by your draconic ancestry. The DC for this saving throw equals 8 + your Constitution modifier + your proficiency bonus. A creature takes 2d6 damage on a failed save, and half as much damage on a successful one. The damage increases to 3d6 at 6th level, 4d6 at 11th level, and 5d6 at 16th level. After you use your breath weapon, you can't use it again until you complete a short or long rest.",
        "area_of_effect": {
          "size": 30,
          "type": "line"
        },
        "usage": {
          "type": "per rest",
          "times": 1
        },
        "dc": {
          "dc_type": "dex",
          "success_type": "half"
        },
        "damage": [
          {
            "damage_type": "fire",
            "damage_at_character_level": {
              "1": "2d6",
              "6": "3d6",
              "11": "4d6",
              "16": "5d6"
            }
          }
        ]
      }
    }
  },
  {
    "index": "draconic-ancestry-bronze",
    "races": [
      "dragonborn"
    ],
    "subraces": [],
    "name": "Драконяче походження (Бронза)",
    "desc": [
      "У вас драконівське походження. Виберіть один тип дракона з таблиці драконівського походження. Ваша зброя дихання та стійкість до пошкоджень визначаються типом дракона, як показано в таблиці."
    ],
    "parent": "draconic-ancestry",
    "proficiencies": [],
    "trait_specific": {
      "damage_type": "lightning",
      "breath_weapon": {
        "name": "Breath Weapon",
        "desc": "You can use your action to exhale destructive energy. Your draconic ancestry determines the size, shape, and damage type of the exhalation. When you use your breath weapon, each creature in the area of the exhalation must make a saving throw, the type of which is determined by your draconic ancestry. The DC for this saving throw equals 8 + your Constitution modifier + your proficiency bonus. A creature takes 2d6 damage on a failed save, and half as much damage on a successful one. The damage increases to 3d6 at 6th level, 4d6 at 11th level, and 5d6 at 16th level. After you use your breath weapon, you can't use it again until you complete a short or long rest.",
        "area_of_effect": {
          "size": 30,
          "type": "line"
        },
        "usage": {
          "type": "per rest",
          "times": 1
        },
        "dc": {
          "dc_type": "dex",
          "success_type": "half"
        },
        "damage": [
          {
            "damage_type": "lightning",
            "damage_at_character_level": {
              "1": "2d6",
              "6": "3d6",
              "11": "4d6",
              "16": "5d6"
            }
          }
        ]
      }
    }
  },
  {
    "index": "draconic-ancestry-copper",
    "races": [
      "dragonborn"
    ],
    "subraces": [],
    "name": "Драконяче походження (мідь)",
    "desc": [
      "У вас драконівське походження. Виберіть один тип дракона з таблиці драконівського походження. Ваша зброя дихання та стійкість до пошкоджень визначаються типом дракона, як показано в таблиці."
    ],
    "parent": "draconic-ancestry",
    "proficiencies": [],
    "trait_specific": {
      "damage_type": "acid",
      "breath_weapon": {
        "name": "Breath Weapon",
        "desc": "You can use your action to exhale destructive energy. Your draconic ancestry determines the size, shape, and damage type of the exhalation. When you use your breath weapon, each creature in the area of the exhalation must make a saving throw, the type of which is determined by your draconic ancestry. The DC for this saving throw equals 8 + your Constitution modifier + your proficiency bonus. A creature takes 2d6 damage on a failed save, and half as much damage on a successful one. The damage increases to 3d6 at 6th level, 4d6 at 11th level, and 5d6 at 16th level. After you use your breath weapon, you can't use it again until you complete a short or long rest.",
        "area_of_effect": {
          "size": 30,
          "type": "line"
        },
        "usage": {
          "type": "per rest",
          "times": 1
        },
        "dc": {
          "dc_type": "dex",
          "success_type": "half"
        },
        "damage": [
          {
            "damage_type": "acid",
            "damage_at_character_level": {
              "1": "2d6",
              "6": "3d6",
              "11": "4d6",
              "16": "5d6"
            }
          }
        ]
      }
    }
  },
  {
    "index": "draconic-ancestry-gold",
    "races": [
      "dragonborn"
    ],
    "subraces": [],
    "name": "Драконяче походження (Золото)",
    "desc": [
      "У вас драконівське походження. Виберіть один тип дракона з таблиці драконівського походження. Ваша зброя дихання та стійкість до пошкоджень визначаються типом дракона, як показано в таблиці."
    ],
    "parent": "draconic-ancestry",
    "proficiencies": [],
    "trait_specific": {
      "damage_type": "fire",
      "breath_weapon": {
        "name": "Breath Weapon",
        "desc": "You can use your action to exhale destructive energy. Your draconic ancestry determines the size, shape, and damage type of the exhalation. When you use your breath weapon, each creature in the area of the exhalation must make a saving throw, the type of which is determined by your draconic ancestry. The DC for this saving throw equals 8 + your Constitution modifier + your proficiency bonus. A creature takes 2d6 damage on a failed save, and half as much damage on a successful one. The damage increases to 3d6 at 6th level, 4d6 at 11th level, and 5d6 at 16th level. After you use your breath weapon, you can't use it again until you complete a short or long rest.",
        "area_of_effect": {
          "size": 15,
          "type": "cone"
        },
        "usage": {
          "type": "per rest",
          "times": 1
        },
        "dc": {
          "dc_type": "dex",
          "success_type": "half"
        },
        "damage": [
          {
            "damage_type": "fire",
            "damage_at_character_level": {
              "1": "2d6",
              "6": "3d6",
              "11": "4d6",
              "16": "5d6"
            }
          }
        ]
      }
    }
  },
  {
    "index": "draconic-ancestry-green",
    "races": [
      "dragonborn"
    ],
    "subraces": [],
    "name": "Драконяче походження (зелене)",
    "desc": [
      "У вас драконівське походження. Виберіть один тип дракона з таблиці драконівського походження. Ваша зброя дихання та стійкість до пошкоджень визначаються типом дракона, як показано в таблиці."
    ],
    "parent": "draconic-ancestry",
    "proficiencies": [],
    "trait_specific": {
      "damage_type": "poison",
      "breath_weapon": {
        "name": "Breath Weapon",
        "desc": "You can use your action to exhale destructive energy. Your draconic ancestry determines the size, shape, and damage type of the exhalation. When you use your breath weapon, each creature in the area of the exhalation must make a saving throw, the type of which is determined by your draconic ancestry. The DC for this saving throw equals 8 + your Constitution modifier + your proficiency bonus. A creature takes 2d6 damage on a failed save, and half as much damage on a successful one. The damage increases to 3d6 at 6th level, 4d6 at 11th level, and 5d6 at 16th level. After you use your breath weapon, you can't use it again until you complete a short or long rest.",
        "area_of_effect": {
          "size": 15,
          "type": "cone"
        },
        "usage": {
          "type": "per rest",
          "times": 1
        },
        "dc": {
          "dc_type": "con",
          "success_type": "half"
        },
        "damage": [
          {
            "damage_type": "poison",
            "damage_at_character_level": {
              "1": "2d6",
              "6": "3d6",
              "11": "4d6",
              "16": "5d6"
            }
          }
        ]
      }
    }
  },
  {
    "index": "draconic-ancestry-red",
    "races": [
      "dragonborn"
    ],
    "subraces": [],
    "name": "Драконяче походження (червоне)",
    "desc": [
      "У вас драконівське походження. Виберіть один тип дракона з таблиці драконівського походження. Ваша зброя дихання та стійкість до пошкоджень визначаються типом дракона, як показано в таблиці."
    ],
    "parent": "draconic-ancestry",
    "proficiencies": [],
    "trait_specific": {
      "damage_type": "fire",
      "breath_weapon": {
        "name": "Breath Weapon",
        "desc": "You can use your action to exhale destructive energy. Your draconic ancestry determines the size, shape, and damage type of the exhalation. When you use your breath weapon, each creature in the area of the exhalation must make a saving throw, the type of which is determined by your draconic ancestry. The DC for this saving throw equals 8 + your Constitution modifier + your proficiency bonus. A creature takes 2d6 damage on a failed save, and half as much damage on a successful one. The damage increases to 3d6 at 6th level, 4d6 at 11th level, and 5d6 at 16th level. After you use your breath weapon, you can't use it again until you complete a short or long rest.",
        "area_of_effect": {
          "size": 15,
          "type": "cone"
        },
        "usage": {
          "type": "per rest",
          "times": 1
        },
        "dc": {
          "dc_type": "dex",
          "success_type": "half"
        },
        "damage": [
          {
            "damage_type": "fire",
            "damage_at_character_level": {
              "1": "2d6",
              "6": "3d6",
              "11": "4d6",
              "16": "5d6"
            }
          }
        ]
      }
    }
  },
  {
    "index": "draconic-ancestry-silver",
    "races": [
      "dragonborn"
    ],
    "subraces": [],
    "name": "Драконяче походження (срібло)",
    "desc": [
      "У вас драконівське походження. Виберіть один тип дракона з таблиці драконівського походження. Ваша зброя дихання та стійкість до пошкоджень визначаються типом дракона, як показано в таблиці."
    ],
    "parent": "draconic-ancestry",
    "proficiencies": [],
    "trait_specific": {
      "damage_type": "cold",
      "breath_weapon": {
        "name": "Breath Weapon",
        "desc": "You can use your action to exhale destructive energy. Your draconic ancestry determines the size, shape, and damage type of the exhalation. When you use your breath weapon, each creature in the area of the exhalation must make a saving throw, the type of which is determined by your draconic ancestry. The DC for this saving throw equals 8 + your Constitution modifier + your proficiency bonus. A creature takes 2d6 damage on a failed save, and half as much damage on a successful one. The damage increases to 3d6 at 6th level, 4d6 at 11th level, and 5d6 at 16th level. After you use your breath weapon, you can't use it again until you complete a short or long rest.",
        "area_of_effect": {
          "size": 15,
          "type": "cone"
        },
        "usage": {
          "type": "per rest",
          "times": 1
        },
        "dc": {
          "dc_type": "con",
          "success_type": "half"
        },
        "damage": [
          {
            "damage_type": "cold",
            "damage_at_character_level": {
              "1": "2d6",
              "6": "3d6",
              "11": "4d6",
              "16": "5d6"
            }
          }
        ]
      }
    }
  },
  {
    "index": "draconic-ancestry-white",
    "races": [
      "dragonborn"
    ],
    "subraces": [],
    "name": "Драконяче походження (біле)",
    "desc": [
      "У вас драконівське походження. Виберіть один тип дракона з таблиці драконівського походження. Ваша зброя дихання та стійкість до пошкоджень визначаються типом дракона, як показано в таблиці."
    ],
    "parent": "draconic-ancestry",
    "proficiencies": [],
    "trait_specific": {
      "damage_type": "cold",
      "breath_weapon": {
        "name": "Breath Weapon",
        "desc": "You can use your action to exhale destructive energy. Your draconic ancestry determines the size, shape, and damage type of the exhalation. When you use your breath weapon, each creature in the area of the exhalation must make a saving throw, the type of which is determined by your draconic ancestry. The DC for this saving throw equals 8 + your Constitution modifier + your proficiency bonus. A creature takes 2d6 damage on a failed save, and half as much damage on a successful one. The damage increases to 3d6 at 6th level, 4d6 at 11th level, and 5d6 at 16th level. After you use your breath weapon, you can't use it again until you complete a short or long rest.",
        "area_of_effect": {
          "size": 15,
          "type": "cone"
        },
        "usage": {
          "type": "per rest",
          "times": 1
        },
        "dc": {
          "dc_type": "con",
          "success_type": "half"
        },
        "damage": [
          {
            "damage_type": "cold",
            "damage_at_character_level": {
              "1": "2d6",
              "6": "3d6",
              "11": "4d6",
              "16": "5d6"
            }
          }
        ]
      }
    }
  },
  {
    "index": "breath-weapon",
    "races": [
      "dragonborn"
    ],
    "subraces": [],
    "name": "Дихальна зброя",
    "desc": [
      "Ви можете використовувати свою дію для видихання руйнівної енергії. Ваше драконське походження визначає розмір, форму та тип пошкодження, що завдається видихом.",
      "Коли ви використовуєте свою зброю дихання, кожна істота в області видиху повинна зробити кидок порятунку, тип якого визначається вашим драконячим походженням. DC для цього кидка порятунку дорівнює 8 + ваш модифікатор Теплоти + ваш бонус майстерності. Істота отримує 2d6 шкоди за невдалий рятівний хід і вдвічі менше шкоди за успішний. Шкода збільшується до 3d6 на 6-му рівні, 4d6 на 11-му рівні та 5d6 на 16-му рівні.",
      "Після використання вашої дихальної зброї ви не зможете використовувати її знову, доки не завершите короткий або тривалий відпочинок."
    ],
    "proficiencies": []
  },
  {
    "index": "damage-resistance",
    "races": [
      "dragonborn"
    ],
    "subraces": [],
    "name": "Опір пошкодженням",
    "desc": [
      "Ви маєте стійкість до типу пошкоджень, пов'язаного з вашим драконячим походженням."
    ],
    "proficiencies": []
  },
  {
    "index": "gnome-cunning",
    "races": [
      "gnome"
    ],
    "subraces": [],
    "name": "Гном Хитрий",
    "desc": [
      "Ви маєте перевагу на всі кидки на захист від магії за допомогою Інтелекту, Мудрості та Харизми."
    ],
    "proficiencies": []
  },
  {
    "index": "artificers-lore",
    "races": [],
    "subraces": [
      "rock-gnome"
    ],
    "name": "Знання ремісника",
    "desc": [
      "Щоразу, коли ви проводите перевірку Інтелекту (Історії), пов'язану з магічними предметами, алхімічними об'єктами або технологічними пристроями, ви можете додати подвійний бонус майстерності замість будь-якого бонусу майстерності, який ви зазвичай застосовуєте."
    ],
    "proficiencies": []
  },
  {
    "index": "tinker",
    "races": [],
    "subraces": [
      "rock-gnome"
    ],
    "name": "Тінкер",
    "desc": [
      "Ви вмієте володіти інструментами ремісника (інструментами мідника). Використовуючи ці інструменти, ви можете витратити 1 годину та 10 зл матеріалів на створення крихітного годинникового механізму (AC 5, 1 hp). Пристрій перестає функціонувати через 24 години (якщо ви не витратите 1 годину на його ремонт, щоб підтримувати його працездатність), або коли ви використаєте свою дію, щоб розібрати його; у цей час ви можете повернути матеріали, використані для його створення. Ви можете мати до трьох таких пристроїв активними одночасно.",
      "Під час створення пристрою виберіть один із наведених нижче варіантів:",
      "Заводна іграшка: Ця іграшка являє собою заводну тварину, монстра або людину, таку як жаба, миша, птах, дракон або солдат. Коли іграшку розміщують на землі, вона рухається на 5 футів по землі за кожен ваш хід у випадковому напрямку. Вона видає звуки, що відповідають істоті, яку вона зображує.",
      "Розпалювач вогню: Пристрій створює мініатюрне полум'я, яке можна використовувати для запалювання свічки, факела або багаття. Використання пристрою вимагає ваших дій.",
      "Музична скринька: У відкритому стані ця музична скринька відтворює одну пісню на помірній гучності. Грати скринька припиняється, коли пісня закінчується або коли її закривають."
    ],
    "proficiencies": [
      "tinkers-tools"
    ]
  },
  {
    "index": "skill-versatility",
    "races": [
      "half-elf"
    ],
    "subraces": [],
    "name": "Універсальність навичок",
    "desc": [
      "Ви здобуваєте майстерність у двох навичках на ваш вибір."
    ],
    "proficiencies": [],
    "proficiency_choices": {
      "choose": 2,
      "type": "proficiencies",
      "from": {
        "option_set_type": "options_array",
        "options": [
          {
            "option_type": "reference",
            "item": "skill-acrobatics"
          },
          {
            "option_type": "reference",
            "item": "skill-animal-handling"
          },
          {
            "option_type": "reference",
            "item": "skill-arcana"
          },
          {
            "option_type": "reference",
            "item": "skill-athletics"
          },
          {
            "option_type": "reference",
            "item": "skill-deception"
          },
          {
            "option_type": "reference",
            "item": "skill-history"
          },
          {
            "option_type": "reference",
            "item": "skill-insight"
          },
          {
            "option_type": "reference",
            "item": "skill-intimidation"
          },
          {
            "option_type": "reference",
            "item": "skill-investigation"
          },
          {
            "option_type": "reference",
            "item": "skill-medicine"
          },
          {
            "option_type": "reference",
            "item": "skill-nature"
          },
          {
            "option_type": "reference",
            "item": "skill-perception"
          },
          {
            "option_type": "reference",
            "item": "skill-performance"
          },
          {
            "option_type": "reference",
            "item": "skill-persuasion"
          },
          {
            "option_type": "reference",
            "item": "skill-religion"
          },
          {
            "option_type": "reference",
            "item": "skill-sleight-of-hand"
          },
          {
            "option_type": "reference",
            "item": "skill-stealth"
          },
          {
            "option_type": "reference",
            "item": "skill-survival"
          }
        ]
      }
    }
  },
  {
    "index": "menacing",
    "races": [
      "half-orc"
    ],
    "subraces": [],
    "name": "Загрозливий",
    "desc": [
      "Ви отримуєте майстерність у навичці Залякування."
    ],
    "proficiencies": [
      "skill-intimidation"
    ]
  },
  {
    "index": "relentless-endurance",
    "races": [
      "half-orc"
    ],
    "subraces": [],
    "name": "Невблаганна витривалість",
    "desc": [
      "Коли ваші очки здоров'я зменшуються до 0, але ви не вбиті повністю, ваші очки здоров'я можуть знизитися до 1. Ви не можете використовувати цю функцію знову, доки не завершите тривалий відпочинок."
    ],
    "proficiencies": []
  },
  {
    "index": "savage-attacks",
    "races": [
      "half-orc"
    ],
    "subraces": [],
    "name": "Жорстокі атаки",
    "desc": [
      "Коли ви отримуєте критичний удар ближньою битвою, ви можете кинути один з кубиків пошкоджень зброї ще раз і додати його до додаткової шкоди від критичного удару."
    ],
    "proficiencies": []
  },
  {
    "index": "hellish-resistance",
    "races": [
      "tiefling"
    ],
    "subraces": [],
    "name": "Пекельний Опір",
    "desc": [
      "Ви маєте стійкість до пошкоджень від вогню."
    ],
    "proficiencies": []
  },
  {
    "index": "infernal-legacy",
    "races": [
      "tiefling"
    ],
    "subraces": [],
    "name": "Пекельна спадщина",
    "desc": [
      "Ви знаєте заклинання тауматургії. Коли ви досягнете 3-го рівня, ви можете один раз використати заклинання пекельного докору як заклинання 2-го рівня з цією рисою та відновити цю здатність після тривалого відпочинку. Коли ви досягнете 5-го рівня, ви можете один раз використати заклинання темряви з цією рисою та відновити цю здатність після тривалого відпочинку. Харизма — це ваша здатність до чаклунства для цих заклинань."
    ],
    "proficiencies": []
  }
]