[
  { "index": "weapon", "name": "Зброя" },
  { "index": "armor", "name": "Броня" },
  { "index": "adventuring-gear", "name": "Пригодницьке спорядження" },
  { "index": "ammunition", "name": "Боєприпаси" },
  { "index": "tools", "name": "Інструменти" },
  { "index": "mounts-and-vehicles", "name": "Верхові тварини та транспорт" },
  { "index": "simple-weapons", "name": "Проста зброя" },
  { "index": "martial-weapons", "name": "Бойова зброя" },
  { "index": "melee-weapons", "name": "Зброя ближнього бою" },
  { "index": "ranged-weapons", "name": "Зброя дальнього бою" },
  { "index": "simple-melee-weapons", "name": "Проста зброя ближнього бою" },
  { "index": "simple-ranged-weapons", "name": "Проста зброя дальнього бою" },
  { "index": "martial-melee-weapons", "name": "Бойова зброя ближнього бою" },
  { "index": "martial-ranged-weapons", "name": "Бойова зброя дальнього бою" },
  { "index": "light-armor", "name": "Легка броня" },
  { "index": "medium-armor", "name": "Середня броня" },
  { "index": "heavy-armor", "name": "Важка броня" },
  { "index": "shields", "name": "Щити" },
  { "index": "standard-gear", "name": "Стандартне спорядження" },
  { "index": "kits", "name": "Набори" },
  { "index": "equipment-packs", "name": "Набори спорядження" },
  { "index": "artisans-tools", "name": "Ремісничі інструменти" },
  { "index": "gaming-sets", "name": "Ігрові набори" },
  { "index": "musical-instruments", "name": "Музичні інструменти" },
  { "index": "other-tools", "name": "Інші інструменти" },
  { "index": "mounts-and-other-animals", "name": "Верхові та інші тварини" },
  { "index": "tack-harness-and-drawn-vehicles", "name": "Упряж та причіпні транспортні засоби" },
  { "index": "land-vehicles", "name": "Наземний транспорт" },
  { "index": "waterborne-vehicles", "name": "Водний транспорт" },
  { "index": "arcane-foci", "name": "Магічні осередки" },
  { "index": "druidic-foci", "name": "Друїдські осередки" },
  { "index": "holy-symbols", "name": "Святі символи" },
  { "index": "wondrous-items", "name": "Чудові предмети" },
  { "index": "rod", "name": "Скіпетр" },
  { "index": "potion", "name": "Зілля" },
  { "index": "ring", "name": "Кільце" },
  { "index": "scroll", "name": "Скрол" },
  { "index": "staff", "name": "Посох" },
  { "index": "wand", "name": "Паличка" }
]
