[
  {
    "index": "adventuring-gear",
    "name": "Спорядження для пригод"
  },
  {
    "index": "ammunition",
    "name": "Боеприпаси"
  },
  {
    "index": "arcane-foci",
    "name": "Таємні вогнища"
  },
  {
    "index": "armor",
    "name": "Броня"
  },
  {
    "index": "artisans-tools",
    "name": "Інструменти ремісника"
  },
  {
    "index": "druidic-foci",
    "name": "Друїдські осередки"
  },
  {
    "index": "equipment-packs",
    "name": "Набори спорядження"
  },
  {
    "index": "gaming-sets",
    "name": "Ігрові набори {{S}}"
  },
  {
    "index": "heavy-armor",
    "name": "Важка броня"
  },
  {
    "index": "holy-symbols",
    "name": "Святі символи"
  },
  {
    "index": "light-armor",
    "name": "Легка броня"
  },
  {
    "index": "martial-weapons",
    "name": "Бойова зброя"
  },
  {
    "index": "martial-melee-weapons",
    "name": "Бойова зброя ближнього бою"
  },
  {
    "index": "martial-ranged-weapons",
    "name": "Бойова зброя дальнього бою"
  },
  {
    "index": "medium-armor",
    "name": "Середня броня"
  },
  {
    "index": "melee-weapons",
    "name": "Зброя ближнього бою"
  },
  {
    "index": "musical-instruments",
    "name": "Музичні інструменти"
  },
  {
    "index": "other-tools",
    "name": "Інші інструменти"
  },
  {
    "index": "ranged-weapons",
    "name": "Зброя дальнього бою"
  },
  {
    "index": "shields",
    "name": "Щити"
  },
  {
    "index": "simple-melee-weapons",
    "name": "Проста зброя ближнього бою"
  },
  {
    "index": "simple-ranged-weapons",
    "name": "Проста зброя дальнього бою"
  },
  {
    "index": "simple-weapons",
    "name": "Проста зброя"
  },
  {
    "index": "tools",
    "name": "Інструменти"
  },
  {
    "index": "weapons",
    "name": "Зброя"
  }
]