[
  {
    "index": "str",
    "name": "STR",
    "full_name": "Сила",
    "desc": [
      "Сила вимірює фізичну потужність, спортивну підготовку та ступінь, до якої ви можете проявити грубу фізичну силу.",
      "Перевірка Сили може моделювати будь-яку спробу підняти, штовхнути, потягнути або зламати щось, проштовхнути своє тіло через простір або іншим чином застосувати грубу силу до ситуації. Навичка Атлетика відображає здібності в певних видах перевірок Сили."
    ],
    "skills": [
      "athletics"
    ]
  },
  {
    "index": "dex",
    "name": "DEX",
    "full_name": "Спритність",
    "desc": [
      "Спритність вимірює спритність, рефлекси та рівновагу.",
      "Перевірка Спритності може моделювати будь-яку спробу рухатися спритно, швидко чи тихо, або ж уникати падіння на складній поверхні. Навички Акробатика, Спритність рук та Прихованість відображають здібності до певних видів перевірок Спритності."
    ],
    "skills": [
      "acrobatics",
      "sleight-of-hand",
      "stealth"
    ]
  },
  {
    "index": "con",
    "name": "CON",
    "full_name": "Статура",
    "desc": [
      "Статура вимірює здоров'я, витривалість та життєву силу.",
      "Перевірки Статури є рідкістю, і жодні навички не застосовуються до перевірок Статури, оскільки витривалість, яку представляє ця здатність, є значною мірою пасивною, а не вимагає певних зусиль з боку персонажа чи монстра."
    ],
    "skills": []
  },
  {
    "index": "int",
    "name": "INT",
    "full_name": "Інтелект",
    "desc": [
      "Інтелект вимірює гостроту розумових здібностей, точність запам'ятовування та здатність міркувати.",
      "Перевірка Інтелекту застосовується, коли вам потрібно покладатися на логіку, освіту, пам'ять або дедуктивне мислення. Навички Аркани, Історія, Дослідження, Природа та Релігія відображають здібності до певних видів перевірок Інтелекту."
    ],
    "skills": [
      "arcana",
      "history",
      "investigation",
      "nature",
      "religion"
    ]
  },
  {
    "index": "wis",
    "name": "WIS",
    "full_name": "Мудрість",
    "desc": [
      "Мудрість відображає вашу налаштованість на навколишній світ і представляє проникливість та інтуїцію.",
      "Перевірка Мудрості може відображати зусилля читати мову тіла, розуміти чиїсь почуття, помічати речі в навколишньому середовищі або піклуватися про поранену людину. Навички поводження з тваринами, Проникливість, Медицина, Сприйняття та Виживання відображають здібності в певних видах перевірок Мудрості."
    ],
    "skills": [
      "animal-handling",
      "insight",
      "medicine",
      "perception",
      "survival"
    ]
  },
  {
    "index": "cha",
    "name": "CHA",
    "full_name": "Харизма",
    "desc": [
      "Харизма вимірює вашу здатність ефективно взаємодіяти з іншими. Вона включає такі фактори, як впевненість та красномовство, і може відображати чарівну або владну особистість.",
      "Перевірка Харизми може виникнути, коли ви намагаєтеся впливати на інших або розважати їх, коли ви намагаєтеся справити враження або переконливо збрехати, або коли ви опиняєтеся у складній соціальній ситуації. Навички Обману, Залякування, Виступу та Переконання відображають здібності в певних видах перевірок Харизми."
    ],
    "skills": [
      "deception",
      "intimidation",
      "performance",
      "persuasion"
    ]
  }
]
