[
  {
    "index": "common",
    "name": "Звичайна",
    "type": "Стандартна",
    "typical_speakers": ["Люди"],
    "script": "Звичайна"
  },
  {
    "index": "dwarvish",
    "name": "Гномська",
    "desc": "Гномська мова насичена твердими приголосними та гортанними звуками.",
    "type": "Стандартна",
    "typical_speakers": ["Гноми"],
    "script": "Гномська"
  },
  {
    "index": "elvish",
    "name": "Ельфійська",
    "desc": "Ельфійська мова плинна, з тонкими інтонаціями та складною граматикою. Література багата та різноманітна, а пісні та вірші відомі серед інших рас. Багато бардів вивчають її для виконання ельфійських балад.",
    "type": "Стандартна",
    "typical_speakers": ["Ельфи"],
    "script": "Ельфійська"
  },
  {
    "index": "giant",
    "name": "Гігантська",
    "type": "Стандартна",
    "typical_speakers": ["Огри", "Гіганти"],
    "script": "Гігантська"
  },
  {
    "index": "gnomish",
    "name": "Гномська",
    "desc": "Гномська мова використовує гномську писемність і відома технічними трактатами та каталогами знань про природу.",
    "type": "Стандартна",
    "typical_speakers": ["Гноми"],
    "script": "Гномська"
  },
  {
    "index": "goblin",
    "name": "Гоблінська",
    "type": "Стандартна",
    "typical_speakers": ["Гобліни"],
    "script": "Гоблінська"
  },
  {
    "index": "halfling",
    "name": "Напівросла",
    "desc": "Мова напівросликів не секретна, але вони неохоче діляться нею. Письмова традиція скромна, проте усна — багата.",
    "type": "Стандартна",
    "typical_speakers": ["Піврослики"],
    "script": "Звичайна"
  },
  {
    "index": "orc",
    "name": "Оркська",
    "desc": "Оркська мова сувора та різка, з твердими приголосними. Вона зазвичай пишеться гномською писемністю.",
    "type": "Стандартна",
    "typical_speakers": ["Орки"],
    "script": "Гномська"
  },
  {
    "index": "abyssal",
    "name": "Безодня",
    "type": "Екзотична",
    "typical_speakers": ["Демони"],
    "script": "Інфернальна"
  },
  {
    "index": "celestial",
    "name": "Небесна",
    "type": "Екзотична",
    "typical_speakers": ["Небесні істоти"],
    "script": "Небесна"
  },
  {
    "index": "draconic",
    "name": "Драконівська",
    "desc": "Драконівська мова одна з найдавніших, використовується для вивчення магії. Мова звучить різко і містить численні тверді приголосні та шиплячі звуки.",
    "type": "Екзотична",
    "typical_speakers": ["Дракони", "Драконороджені"],
    "script": "Драконівська"
  },
  {
    "index": "deep-speech",
    "name": "Глибока мова",
    "type": "Екзотична",
    "typical_speakers": ["Аболети", "Плащівники"]
  },
  {
    "index": "infernal",
    "name": "Інфернальна",
    "type": "Екзотична",
    "typical_speakers": ["Дияволи"],
    "script": "Інфернальна"
  },
  {
    "index": "primordial",
    "name": "Первісна",
    "type": "Екзотична",
    "typical_speakers": ["Елементалі"],
    "script": "Первісна"
  },
  {
    "index": "sylvan",
    "name": "Сільванська",
    "type": "Екзотична",
    "typical_speakers": ["Фейські істоти"],
    "script": "Ельфійська"
  },
  {
    "index": "undercommon",
    "name": "Підземна",
    "type": "Екзотична",
    "typical_speakers": ["Підземні торговці"],
    "script": "Ельфійська"
  }
]
