[
  {
    "index": "dwarf",
    "name": "Карлик",
    "speed": 25,
    "ability_bonuses": [
      {
        "ability_score": "con",
        "bonus": 2
      }
    ],
    "alignment": "Більшість гномів є закономірними, твердо вірячи у переваги добре впорядкованого суспільства. Вони також прагнуть добра, маючи сильне почуття чесної гри та переконання, що кожен заслуговує на те, щоб розділити переваги справедливого порядку.",
    "age": "Гноми дорослішають з тією ж швидкістю, що й люди, але вважаються молодими, доки не досягнуть 50 років. В середньому вони живуть близько 350 років.",
    "size": "Середній",
    "size_description": "Зріст гномів становить від 1,2 до 1,5 метра, а їхня вага в середньому становить близько 65 кілограмів. Ваш розмір — середній.",
    "languages": [
      "common",
      "dwarvish"
    ],
    "language_desc": "Ви можете розмовляти, читати та писати звичайною та гномською мовами. Гномська мова сповнена твердих приголосних та гортанних звуків, і ці характеристики поширюються на будь-яку іншу мову, якою може розмовляти гном.",
    "traits": [
      "darkvision",
      "dwarven-resilience",
      "stonecunning",
      "dwarven-combat-training",
      "tool-proficiency"
    ],
    "subraces": [
      "hill-dwarf"
    ]
  },
  {
    "index": "elf",
    "name": "Ельф",
    "speed": 30,
    "ability_bonuses": [
      {
        "ability_score": "dex",
        "bonus": 2
      }
    ],
    "age": "Хоча ельфи досягають фізичної зрілості приблизно в тому ж віці, що й люди, ельфійське розуміння дорослості виходить за рамки фізичного зростання та охоплює мирський досвід. Ельф зазвичай проголошує себе дорослим та отримує доросле ім'я приблизно у 100 років і може прожити до 750 років.",
    "alignment": "Ельфи люблять свободу, різноманітність та самовираження, тому вони сильно схиляються до ніжніших аспектів хаосу. Вони цінують і захищають свободу інших так само, як і свою власну, і частіше бувають добрими, ніж поганими.",
    "size": "Середній",
    "size_description": "Зріст ельфів коливається від 1,5 до 1,8 метра, а їхня статура — струнка. Ваш розмір — середній.",
    "languages": [
      "common",
      "elvish"
    ],
    "language_desc": "Ви можете розмовляти, читати та писати звичайною та ельфійською мовами. Ельфійська мова плинна, з тонкими інтонаціями та складною граматикою. Ельфійська література багата та різноманітна, а їхні пісні та вірші відомі серед інших рас. Багато бардів вивчають їхню мову, щоб додавати ельфійські балади до свого репертуару.",
    "traits": [
      "darkvision",
      "fey-ancestry",
      "trance",
      "keen-senses"
    ],
    "subraces": [
      "high-elf"
    ]
  },
  {
    "index": "halfling",
    "name": "Напіврослий",
    "speed": 25,
    "ability_bonuses": [
      {
        "ability_score": "dex",
        "bonus": 2
      }
    ],
    "age": "Півліска досягає дорослого віку у віці 20 років і зазвичай живе до середини свого другого століття.",
    "alignment": "Більшість напівросликів є законно добрими. Як правило, вони добросердечні та добрі, ненавидять бачити страждання інших і не терплять гноблення. Вони також дуже охайні та традиційні, сильно спираючись на підтримку своєї громади та комфорт своїх старих звичаїв.",
    "size": "Малий",
    "size_description": "Напіврослики мають середній зріст близько 3 футів і вагу близько 40 фунтів. Ваш розмір - Маленький.",
    "languages": [
      "common",
      "halfling"
    ],
    "language_desc": "Ви можете розмовляти, читати та писати мовою Звичайних та Напівросликів. Мова Напівросликів не є секретною, але вони неохоче діляться нею з іншими. Вони пишуть дуже мало, тому не мають багатого корпусу літератури. Однак їхня усна традиція дуже сильна. Майже всі напіврослики розмовляють Звичайними, щоб спілкуватися з людьми, на чиїх землях вони живуть або через які подорожують.",
    "traits": [
      "brave",
      "halfling-nimbleness",
      "lucky"
    ],
    "subraces": [
      "lightfoot-halfling"
    ]
  },
  {
    "index": "human",
    "name": "Людина",
    "speed": 30,
    "ability_bonuses": [
      {
        "ability_score": "str",
        "bonus": 1
      },
      {
        "ability_score": "dex",
        "bonus": 1
      },
      {
        "ability_score": "con",
        "bonus": 1
      },
      {
        "ability_score": "int",
        "bonus": 1
      },
      {
        "ability_score": "wis",
        "bonus": 1
      },
      {
        "ability_score": "cha",
        "bonus": 1
      }
    ],
    "age": "Люди досягають дорослого віку в кінці підліткового віку та живуть менше століття.",
    "alignment": "Люди не схильні до жодної певної спільності. Серед них є найкращі та найгірші.",
    "size": "Середній",
    "size_description": "Люди дуже різняться за зростом та статурою, від ледь 1,5 метра до понад 1,8 метра. Незалежно від вашого положення в цьому діапазоні, ваш розмір – середній.",
    "languages": [
      "common"
    ],
    "language_options": {
      "choose": 1,
      "type": "languages",
      "from": {
        "option_set_type": "options_array",
        "options": [
          {
            "option_type": "reference",
            "item": "dwarvish"
          },
          {
            "option_type": "reference",
            "item": "elvish"
          },
          {
            "option_type": "reference",
            "item": "giant"
          },
          {
            "option_type": "reference",
            "item": "gnomish"
          },
          {
            "option_type": "reference",
            "item": "goblin"
          },
          {
            "option_type": "reference",
            "item": "halfling"
          },
          {
            "option_type": "reference",
            "item": "orc"
          },
          {
            "option_type": "reference",
            "item": "abyssal"
          },
          {
            "option_type": "reference",
            "item": "celestial"
          },
          {
            "option_type": "reference",
            "item": "draconic"
          },
          {
            "option_type": "reference",
            "item": "deep-speech"
          },
          {
            "option_type": "reference",
            "item": "infernal"
          },
          {
            "option_type": "reference",
            "item": "primordial"
          },
          {
            "option_type": "reference",
            "item": "sylvan"
          },
          {
            "option_type": "reference",
            "item": "undercommon"
          }
        ]
      }
    },
    "language_desc": "Ви можете розмовляти, читати та писати Загальноанглійською та однією додатковою мовою на ваш вибір. Люди зазвичай вивчають мови інших народів, з якими мають справу, включаючи маловідомі діалекти. Вони люблять розпилювати свою мову словами, запозиченими з інших мов: оркськими прокльонами, ельфійськими музичними виразами, гномськими військовими фразами тощо.",
    "traits": [],
    "subraces": []
  },
  {
    "index": "dragonborn",
    "name": "Драконороджений",
    "speed": 30,
    "ability_bonuses": [
      {
        "ability_score": "str",
        "bonus": 2
      },
      {
        "ability_score": "cha",
        "bonus": 1
      }
    ],
    "alignment": "Драконороджені схильні до крайнощів, роблячи свідомий вибір на користь однієї чи іншої сторони в космічній війні між добром і злом. Більшість дракононароджених — добрі, але ті, хто стоїть на боці зла, можуть бути жахливими лиходіями.",
    "age": "Молоді дракононароджені швидко ростуть. Вони ходять через кілька годин після вилуплення, досягають розміру та розвитку 10-річної дитини до 3 років і досягають дорослого віку до 15 років. Вони живуть близько 80 років.",
    "size": "Середній",
    "size_description": "Драконороджені вищі та важчі за людей, їх зріст значно перевищує 180 см, а середня вага — майже 113 кг. Ваш розмір — середній.",
    "languages": [
      "common",
      "draconic"
    ],
    "language_desc": "Ви можете розмовляти, читати та писати загальною та драконячою мовами. Драконяча мова вважається однією з найдавніших мов і часто використовується для вивчення магії. Мова звучить різко для більшості інших істот і містить численні тверді приголосні та шиплячі звуки.",
    "traits": [
      "draconic-ancestry",
      "breath-weapon",
      "damage-resistance"
    ],
    "subraces": []
  },
  {
    "index": "gnome",
    "name": "Гном",
    "speed": 25,
    "ability_bonuses": [
      {
        "ability_score": "int",
        "bonus": 2
      }
    ],
    "alignment": "Гноми найчастіше добрі. Ті, хто схильний до закону, — це мудреці, інженери, дослідники, вчені, слідчі або винахідники. Ті, хто схильний до хаосу, — це менестрелі, обманщики, мандрівники або химерні ювеліри. Гноми добросердечні, і навіть обманщики серед них радше грайливі, ніж злі.",
    "age": "Гноми дорослішають з тією ж швидкістю, що й люди, і очікується, що більшість із них досягають дорослого віку приблизно до 40 років. Вони можуть прожити від 350 до майже 500 років.",
    "size": "Малий",
    "size_description": "Гноми мають зріст від 0,9 до 1,2 метра та в середньому важать близько 18 кілограмів. Ваш розмір — Маленький.",
    "languages": [
      "common",
      "gnomish"
    ],
    "language_desc": "Ви можете розмовляти, читати та писати загальноприйнятою та гномською мовами. Гномська мова, яка використовує гномську писемність, відома своїми технічними трактатами та каталогами знань про світ природи.",
    "traits": [
      "darkvision",
      "gnome-cunning"
    ],
    "subraces": [
      "rock-gnome"
    ]
  },
  {
    "index": "half-elf",
    "name": "Напівельф",
    "speed": 30,
    "ability_bonuses": [
      {
        "ability_score": "cha",
        "bonus": 2
      }
    ],
    "ability_bonus_options": {
      "choose": 2,
      "type": "ability_bonuses",
      "from": {
        "option_set_type": "options_array",
        "options": [
          {
            "option_type": "ability_bonus",
            "ability_score": "str",
            "bonus": 1
          },
          {
            "option_type": "ability_bonus",
            "ability_score": "dex",
            "bonus": 1
          },
          {
            "option_type": "ability_bonus",
            "ability_score": "con",
            "bonus": 1
          },
          {
            "option_type": "ability_bonus",
            "ability_score": "int",
            "bonus": 1
          },
          {
            "option_type": "ability_bonus",
            "ability_score": "wis",
            "bonus": 1
          }
        ]
      }
    },
    "alignment": "Напівельфи поділяють хаотичний характер своєї ельфійської спадщини. Вони цінують як особисту свободу, так і творче самовираження, не виявляючи ні любові до лідерів, ні бажання мати послідовників. Їх дратують правила, вони обурюються вимогами інших і іноді виявляються ненадійними або принаймні непередбачуваними.",
    "age": "Напівельфи дозрівають з тією ж швидкістю, що й люди, і досягають повноліття приблизно у віці 20 років. Однак вони живуть набагато довше за людей, часто перевищуючи 180 років.",
    "size": "Середній",
    "size_description": "Напівельфи приблизно такого ж розміру, як і люди, від 1,5 до 1,8 метра заввишки. Ваш розмір — середній.",
    "languages": [
      "common",
      "elvish"
    ],
    "language_options": {
      "choose": 1,
      "type": "languages",
      "from": {
        "option_set_type": "options_array",
        "options": [
          {
            "option_type": "reference",
            "item": "dwarvish"
          },
          {
            "option_type": "reference",
            "item": "giant"
          },
          {
            "option_type": "reference",
            "item": "gnomish"
          },
          {
            "option_type": "reference",
            "item": "goblin"
          },
          {
            "option_type": "reference",
            "item": "halfling"
          },
          {
            "option_type": "reference",
            "item": "orc"
          },
          {
            "option_type": "reference",
            "item": "abyssal"
          },
          {
            "option_type": "reference",
            "item": "celestial"
          },
          {
            "option_type": "reference",
            "item": "draconic"
          },
          {
            "option_type": "reference",
            "item": "deep-speech"
          },
          {
            "option_type": "reference",
            "item": "infernal"
          },
          {
            "option_type": "reference",
            "item": "primordial"
          },
          {
            "option_type": "reference",
            "item": "sylvan"
          },
          {
            "option_type": "reference",
            "item": "undercommon"
          }
        ]
      }
    },
    "language_desc": "Ви можете розмовляти, читати та писати загальномовною, ельфійською та однією додатковою мовою на ваш вибір.",
    "traits": [
      "darkvision",
      "fey-ancestry",
      "skill-versatility"
    ],
    "subraces": []
  },
  {
    "index": "half-orc",
    "name": "Напіворк",
    "speed": 30,
    "ability_bonuses": [
      {
        "ability_score": "str",
        "bonus": 2
      },
      {
        "ability_score": "con",
        "bonus": 1
      }
    ],
    "alignment": "Напіворки успадковують від своїх батьків-орків схильність до хаосу та не мають сильної схильності до добра. Напіворки, виховані серед орків і готові прожити своє життя серед них, зазвичай є злими.",
    "age": "Напіворки дозрівають трохи швидше за людей, досягаючи повноліття приблизно у 14 років. Вони старіють помітно швидше і рідко живуть довше 75 років.",
    "size": "Середній",
    "size_description": "Напіворки дещо більші та масивніші за людей, і їх зріст коливається від 1,5 до понад 1,8 метра. Ваш розмір — середній.",
    "languages": [
      "common",
      "orc"
    ],
    "language_desc": "Ви можете розмовляти, читати та писати загальною та оркською мовами. Оркська — це сувора, різка мова з твердими приголосними. Вона не має власної писемності, а пишеться гномською писемністю.",
    "traits": [
      "darkvision",
      "savage-attacks",
      "relentless-endurance",
      "menacing"
    ],
    "subraces": []
  },
  {
    "index": "tiefling",
    "name": "Тіфлінг",
    "speed": 30,
    "ability_bonuses": [
      {
        "ability_score": "int",
        "bonus": 1
      },
      {
        "ability_score": "cha",
        "bonus": 2
      }
    ],
    "alignment": "Тіфлінги можуть не мати вродженої схильності до зла, але багато з них там опиняються. Злі вони чи ні, незалежна природа схиляє багатьох тіфлінгів до хаотичного устрою.",
    "age": "Тіфлінги дорослішають з тією ж швидкістю, що й люди, але живуть на кілька років довше.",
    "size": "Середній",
    "size_description": "Тіфлінги приблизно такого ж розміру та статури, як і люди. Ваш розмір — середній.",
    "languages": [
      "common",
      "infernal"
    ],
    "language_desc": "Ви можете розмовляти, читати та писати Звичайними та Пекельними мовами.",
    "traits": [
      "darkvision",
      "hellish-resistance",
      "infernal-legacy"
    ],
    "subraces": []
  }
]