[
  {
    "index": "abjuration",
    "name": "Зречення",
    "desc": "Заклинання відречення мають захисний характер, хоча деякі з них мають агресивне застосування. Вони створюють магічні бар'єри, нейтралізують шкідливі ефекти, завдають шкоди порушникам або виганяють істот на інші плани існування."
  },
  {
    "index": "conjuration",
    "name": "Заклинання",
    "desc": "Заклинання передбачають переміщення предметів та істот з одного місця в інше. Деякі заклинання викликають істот або предмети поруч із заклиначем, тоді як інші дозволяють заклиначеві телепортуватися в інше місце. Деякі заклинання створюють предмети або ефекти з нічого."
  },
  {
    "index": "divination",
    "name": "Ворожіння",
    "desc": "Ворожильні заклинання розкривають інформацію, чи то у формі давно забутих таємниць, проблисків майбутнього, місць розташування прихованих речей, правди, що стоїть за ілюзіями, чи видінь далеких людей чи місць."
  },
  {
    "index": "enchantment",
    "name": "Зачарування",
    "desc": "Заклинання впливають на розум інших, впливаючи на їхню поведінку або контролюючи її. Такі заклинання можуть змусити ворогів бачити в заклинателі друга, змусити істот діяти певним чином або навіть контролювати іншу істоту, як маріонетку."
  },
  {
    "index": "evocation",
    "name": "Викликання",
    "desc": "Заклинання викликання маніпулюють магічною енергією для досягнення бажаного ефекту. Деякі викликають спалахи вогню або блискавки. Інші направляють позитивну енергію для загоєння ран."
  },
  {
    "index": "illusion",
    "name": "Ілюзія",
    "desc": "Ілюзійні заклинання обманюють почуття або розум інших. Вони змушують людей бачити речі, яких немає, пропускати речі, які є, чути фантомні звуки або пам'ятати речі, яких ніколи не було. Деякі ілюзії створюють фантомні образи, які може бачити будь-яка істота, але найпідступніші ілюзії вселяють образ безпосередньо у свідомість істоти."
  },
  {
    "index": "necromancy",
    "name": "Некромантія",
    "desc": "Заклинання некромантії маніпулюють енергіями життя та смерті. Такі заклинання можуть дарувати додатковий резерв життєвої сили, висмоктувати життєву енергію з іншої істоти, створювати нежить або навіть повертати мертвих до життя."
  },
  {
    "index": "transmutation",
    "name": "Трансмутація",
    "desc": "Заклинання трансмутації змінюють властивості істоти, об'єкта або середовища. Вони можуть перетворити ворога на нешкідливу істоту, посилити силу союзника, змусити об'єкт рухатися за командою заклинателя або посилити вроджені здібності істоти до зцілення, щоб вона швидко відновлювалася після травми."
  }
]