[
  {
    "index": "hill-dwarf",
    "name": "Гірський карлик",
    "race": "dwarf",
    "desc": "Як гірський гном, ви маєте гостре чуття, глибоку інтуїцію та надзвичайну стійкість.",
    "ability_bonuses": [
      {
        "ability_score": "wis",
        "bonus": 1
      }
    ],
    "racial_traits": [
      "dwarven-toughness"
    ]
  },
  {
    "index": "high-elf",
    "name": "Високий ельф",
    "race": "elf",
    "desc": "Як вищий ельф, ви маєте гострий розум і володієте принаймні основами магії. У багатьох світах фентезійних ігор існує два типи вищих ельфів. Один тип — гордовитий і замкнутий, який вважає себе вищим за неельфів і навіть інших ельфів. Інший тип — більш поширений і дружелюбний, його часто зустрічають серед людей та інших рас.",
    "ability_bonuses": [
      {
        "ability_score": "int",
        "bonus": 1
      }
    ],
    "racial_traits": [
      "elf-weapon-training",
      "high-elf-cantrip",
      "extra-language"
    ]
  },
  {
    "index": "lightfoot-halfling",
    "name": "Легконогий напіврослик",
    "race": "halfling",
    "desc": "Як легконогий напіврослик, ви можете легко сховатися від уваги, навіть використовуючи інших людей як прикриття. Ви схильні бути привітними та добре ладнаєте з іншими. Легконогі більш схильні до мандрів, ніж інші напіврослики, і часто живуть разом з іншими расами або ведуть кочовий спосіб життя.",
    "ability_bonuses": [
      {
        "ability_score": "cha",
        "bonus": 1
      }
    ],
    "racial_traits": [
      "naturally-stealthy"
    ]
  },
  {
    "index": "rock-gnome",
    "name": "Скельний Гном",
    "race": "gnome",
    "desc": "Як кам'яний гном, ви маєте природну винахідливість та витривалість, що перевершують інших гномів.",
    "ability_bonuses": [
      {
        "ability_score": "con",
        "bonus": 1
      }
    ],
    "racial_traits": [
      "artificers-lore",
      "tinker"
    ]
  }
]