[
    {
        "id": "31a3ec47-9ae7-4b12-bced-8bf434dc5437",
        "name": "Бард",
        "image": "./assets/images/classes/bard.jpg"
    },
    {
        "id": "719f5fd5-0b55-46e2-acd7-d7da19f47922",
        "name": "Варвар",
        "image": "./assets/images/classes/barbarian.jpg"
    },
    {
        "id": "f4c9b43b-80e3-4f7b-9da4-d2313d718be2",
        "name": "Винахідник",
        "image": "./assets/images/classes/artificer.jpg"
    },
    {
        "id": "546523cf-5468-4fc6-ace5-9d240600718e",
        "name": "Воїн",
        "image": "./assets/images/classes/fighter.jpg"
    },
    {
        "id": "a1dd4531-b2b1-45fc-9ab9-97a65c193105",
        "name": "Друїд",
        "image": "./assets/images/classes/druid.jpg"
    },
    {
        "id": "932098da-3938-4269-9b56-cb11af09e1ec",
        "name": "Жрець",
        "image": "./assets/images/classes/cleric.jpg"
    },
    {
        "id": "3c1476ba-e89c-417b-9284-b26da0eacdfe",
        "name": "Монах",
        "image": "./assets/images/classes/monk.jpg"
    },
    {
        "id": "2df9382c-a9a9-4688-8c1a-070f01983739",
        "name": "Паладін",
        "image": "./assets/images/classes/paladin.jpg"
    },
    {
        "id": "8aad03a2-83c7-4ed8-8bd9-58fec4a432cc",
        "name": "Пройдисвіт",
        "image": "./assets/images/classes/rogue.jpg"
    },
    {
        "id": "9db52c74-352f-43cf-a89e-ad393f655844",
        "name": "Слідопит",
        "image": "./assets/images/classes/ranger.jpg"
    },
    {
        "id": "87075893-a776-4995-9955-16ab50ddc964",
        "name": "Чаклун",
        "image": "./assets/images/classes/warlock.jpg"
    },
    {
        "id": "eff62f5b-4b2a-4a32-b103-a7aa306c6146",
        "name": "Чарівник",
        "image": "./assets/images/classes/wizard.jpg"
    },
    {
        "id": "aa0337ad-f6af-44c9-a161-f342f31bc613",
        "name": "Чародій",
        "image": "./assets/images/classes/sorcerer.jpg"
    }
]
