{
    "id": "052ec90d-693c-4bd6-a2d3-9fde5b140752",
    "name": "DnD Content Pack 5e SRD - UA",
    "description": "This pack includes DnD content 5e SRD",
    "content": [
        { "id": "025911c6-3587-4544-bede-c3ffaeb0c701", "type": "ability_scores", "name": "5e-SRD-Ability-Scores", "description": "", "path": "./5e-SRD-Ability-Scores.json", "version": "0.0.1" },
        { "id": "025911c6-3587-4544-bede-c3ffaeb0c702", "type": "classes", "name": "5e-SRD-Classes", "description": "", "path": "./5e-SRD-Classes.json", "version": "0.0.1" },
        { "id": "025911c6-3587-4544-bede-c3ffaeb0c703", "type": "damage_types", "name": "5e-SRD-Damage-Types", "description": "", "path": "./5e-SRD-Damage-Types.json", "version": "0.0.1" },
        { "id": "025911c6-3587-4544-bede-c3ffaeb0c704", "type": "equipment", "name": "5e-SRD-Equipment", "description": "", "path": "./5e-SRD-Equipment.json", "version": "0.0.1" },
        { "id": "025911c6-3587-4544-bede-c3ffaeb0c705", "type": "equipment_categories", "name": "5e-SRD-Equipment-Categories", "description": "", "path": "./5e-SRD-Equipment-Categories.json", "version": "0.0.1" },
        { "id": "025911c6-3587-4544-bede-c3ffaeb0c706", "type": "features", "name": "5e-SRD-Features", "description": "", "path": "./5e-SRD-Features.json", "version": "0.0.1" },
        { "id": "025911c6-3587-4544-bede-c3ffaeb0c707", "type": "languages", "name": "5e-SRD-Languages", "description": "", "path": "./5e-SRD-Languages.json", "version": "0.0.1" },
        { "id": "025911c6-3587-4544-bede-c3ffaeb0c708", "type": "magic_items", "name": "5e-SRD-Magic-Items", "description": "", "path": "./5e-SRD-Magic-Items.json", "version": "0.0.1" },
        { "id": "025911c6-3587-4544-bede-c3ffaeb0c709", "type": "magic_schools", "name": "5e-SRD-Magic-Schools", "description": "", "path": "./5e-SRD-Magic-Schools.json", "version": "0.0.1" },
        { "id": "025911c6-3587-4544-bede-c3ffaeb0c710", "type": "proficiencies", "name": "5e-SRD-Proficiencies", "description": "", "path": "./5e-SRD-Proficiencies.json", "version": "0.0.1" },
        { "id": "025911c6-3587-4544-bede-c3ffaeb0c711", "type": "races", "name": "5e-SRD-Races", "description": "", "path": "./5e-SRD-Races.json", "version": "0.0.1" },
        { "id": "025911c6-3587-4544-bede-c3ffaeb0c712", "type": "skills", "name": "5e-SRD-Skills", "description": "", "path": "./5e-SRD-Skills.json", "version": "0.0.1" },
        { "id": "025911c6-3587-4544-bede-c3ffaeb0c713", "type": "spells", "name": "5e-SRD-Spells", "description": "", "path": "./5e-SRD-Spells.json", "version": "0.0.1" },
        { "id": "025911c6-3587-4544-bede-c3ffaeb0c714", "type": "subclasses", "name": "5e-SRD-Subclasses", "description": "", "path": "./5e-SRD-Subclasses.json", "version": "0.0.1" },
        { "id": "025911c6-3587-4544-bede-c3ffaeb0c715", "type": "subraces", "name": "5e-SRD-Subraces", "description": "", "path": "./5e-SRD-Subraces.json", "version": "0.0.1" },
        { "id": "025911c6-3587-4544-bede-c3ffaeb0c716", "type": "traits", "name": "5e-SRD-Traits", "description": "", "path": "./5e-SRD-Traits.json", "version": "0.0.1" },
        { "id": "025911c6-3587-4544-bede-c3ffaeb0c717", "type": "weapon_properties", "name": "5e-SRD-Weapon-Properties", "description": "", "path": "./5e-SRD-Weapon-Properties.json", "version": "0.0.1" }
    ],
    "version": "0.0.3"
}
