{
    "id": "052ec90d-693c-4bd6-a2d3-9fde5b140752",
    "name": "DnD Content Pack 5e SRD - UA",
    "description": "Цей пакет містить контент DnD 5e SRD",
    "content": [
        { "id": "025911c6-3587-4544-bede-c3ffaeb0c702", "type": "classes", "name": "Класи", "description": "", "path": "./5e-SRD-Classes.json", "version": "0.0.4" },
        { "id": "025911c6-3587-4544-bede-c3ffaeb0c704", "type": "equipments", "name": "Cпорядження", "description": "", "path": "./5e-SRD-Equipment.json", "version": "0.0.4" },
        { "id": "025911c6-3587-4544-bede-c3ffaeb0c703", "type": "equipment_types", "name": "Типи Cпорядження", "description": "", "path": "./5e-SRD-Equipment-Types.json", "version": "0.0.2" },
        { "id": "025911c6-3587-4544-bede-c3ffaeb0c706", "type": "features", "name": "Особливості", "description": "", "path": "./5e-SRD-Features.json", "version": "0.0.3" },
        { "id": "025911c6-3587-4544-bede-c3ffaeb0c707", "type": "levels", "name": "Рівні", "description": "", "path": "./5e-SRD-Levels.json", "version": "0.0.1" },
        { "id": "025911c6-3587-4544-bede-c3ffaeb0c707", "type": "languages", "name": "Мови", "description": "", "path": "./5e-SRD-Languages.json", "version": "0.0.1" },
        { "id": "025911c6-3587-4544-bede-c3ffaeb0c710", "type": "proficiencies", "name": "Володіння навичками", "description": "", "path": "./5e-SRD-Proficiencies.json", "version": "0.0.6" },
        { "id": "025911c6-3587-4544-bede-c3ffaeb0c711", "type": "races", "name": "Раси", "description": "", "path": "./5e-SRD-Races.json", "version": "0.0.1" },
        { "id": "025911c6-3587-4544-bede-c3ffaeb0c713", "type": "spells", "name": "Закляття", "description": "", "path": "./5e-SRD-Spells.json", "version": "0.0.1" },
        { "id": "025911c6-3587-4544-bede-c3ffaeb0c714", "type": "subclasses", "name": "Підкласи", "description": "", "path": "./5e-SRD-Subclasses.json", "version": "0.0.1" },
        { "id": "025911c6-3587-4544-bede-c3ffaeb0c715", "type": "subraces", "name": "Підраси", "description": "", "path": "./5e-SRD-Subraces.json", "version": "0.0.1" },
        { "id": "025911c6-3587-4544-bede-c3ffaeb0c716", "type": "traits", "name": "Риси", "description": "", "path": "./5e-SRD-Traits.json", "version": "0.0.1" }
    ],
    "version": "0.0.18"
}
