{
    "id": "052ec90d-693c-4bd6-a2d3-9fde5b140752",
    "name": "DnD Content Pack 5e SRD - UA",
    "description": "Цей пакет містить контент DnD 5e SRD",
    "content": [
        { "id": "025911c6-3587-4544-bede-c3ffaeb0c701", "type": "ability_scores", "name": "Характеристики", "description": "", "path": "./5e-SRD-Ability-Scores.json", "version": "0.0.1" },
        { "id": "025911c6-3587-4544-bede-c3ffaeb0c702", "type": "classes", "name": "Класи", "description": "", "path": "./5e-SRD-Classes.json", "version": "0.0.1" },
        { "id": "025911c6-3587-4544-bede-c3ffaeb0c703", "type": "damage_types", "name": "Типи шкоди", "description": "", "path": "./5e-SRD-Damage-Types.json", "version": "0.0.1" },
        { "id": "025911c6-3587-4544-bede-c3ffaeb0c704", "type": "equipment", "name": "Cпорядження", "description": "", "path": "./5e-SRD-Equipment.json", "version": "0.0.1" },
        { "id": "025911c6-3587-4544-bede-c3ffaeb0c705", "type": "equipment_categories", "name": "Категорії cпорядження", "description": "", "path": "./5e-SRD-Equipment-Categories.json", "version": "0.0.1" },
        { "id": "025911c6-3587-4544-bede-c3ffaeb0c706", "type": "features", "name": "Особливості", "description": "", "path": "./5e-SRD-Features.json", "version": "0.0.1" },
        { "id": "025911c6-3587-4544-bede-c3ffaeb0c707", "type": "levels", "name": "Рівні", "description": "", "path": "./5e-SRD-Levels.json", "version": "0.0.1" },
        { "id": "025911c6-3587-4544-bede-c3ffaeb0c707", "type": "languages", "name": "Мови", "description": "", "path": "./5e-SRD-Languages.json", "version": "0.0.1" },
        { "id": "025911c6-3587-4544-bede-c3ffaeb0c708", "type": "magic_items", "name": "Магічні предмети", "description": "", "path": "./5e-SRD-Magic-Items.json", "version": "0.0.1" },
        { "id": "025911c6-3587-4544-bede-c3ffaeb0c709", "type": "magic_schools", "name": "Школи магії", "description": "", "path": "./5e-SRD-Magic-Schools.json", "version": "0.0.1" },
        { "id": "025911c6-3587-4544-bede-c3ffaeb0c710", "type": "proficiencies", "name": "Володіння навичками", "description": "", "path": "./5e-SRD-Proficiencies.json", "version": "0.0.1" },
        { "id": "025911c6-3587-4544-bede-c3ffaeb0c711", "type": "races", "name": "Раси", "description": "", "path": "./5e-SRD-Races.json", "version": "0.0.1" },
        { "id": "025911c6-3587-4544-bede-c3ffaeb0c712", "type": "skills", "name": "Навички", "description": "", "path": "./5e-SRD-Skills.json", "version": "0.0.1" },
        { "id": "025911c6-3587-4544-bede-c3ffaeb0c713", "type": "spells", "name": "Закляття", "description": "", "path": "./5e-SRD-Spells.json", "version": "0.0.1" },
        { "id": "025911c6-3587-4544-bede-c3ffaeb0c714", "type": "subclasses", "name": "Підкласи", "description": "", "path": "./5e-SRD-Subclasses.json", "version": "0.0.1" },
        { "id": "025911c6-3587-4544-bede-c3ffaeb0c715", "type": "subraces", "name": "Підраси", "description": "", "path": "./5e-SRD-Subraces.json", "version": "0.0.1" },
        { "id": "025911c6-3587-4544-bede-c3ffaeb0c716", "type": "traits", "name": "Риси", "description": "", "path": "./5e-SRD-Traits.json", "version": "0.0.1" },
        { "id": "025911c6-3587-4544-bede-c3ffaeb0c717", "type": "weapon_properties", "name": "Властивості зброї", "description": "", "path": "./5e-SRD-Weapon-Properties.json", "version": "0.0.1" }
    ],
    "version": "0.0.5"
}
